[2026-04-01T14:44:29Z] === Deploy triggered ===
[2026-04-01T14:44:29Z] === Deploy triggered ===
[2026-04-01T14:44:29Z] Pulling latest from origin/main...
[2026-04-01T14:44:29Z] Pulling latest from origin/main...
From https://github.com/jaketetrislabs/TetrisOS
 * branch                  main       -> FETCH_HEAD
HEAD is now at ccbd4a5e6c Rebrand email templates: Twenty → Tetris Labs
[2026-04-01T14:44:30Z] Building from source and deploying...
[2026-04-01T14:44:30Z] Building from source and deploying...
time="2026-04-01T14:44:30Z" level=warning msg="The \"DISABLE_DB_MIGRATIONS\" variable is not set. Defaulting to a blank string."
time="2026-04-01T14:44:30Z" level=warning msg="The \"DISABLE_CRON_JOBS_REGISTRATION\" variable is not set. Defaulting to a blank string."
time="2026-04-01T14:44:30Z" level=warning msg="The \"STORAGE_S3_NAME\" variable is not set. Defaulting to a blank string."
time="2026-04-01T14:44:30Z" level=warning msg="The \"STORAGE_S3_ENDPOINT\" variable is not set. Defaulting to a blank string."
time="2026-04-01T14:44:30Z" level=warning msg="The \"STORAGE_S3_REGION\" variable is not set. Defaulting to a blank string."
time="2026-04-01T14:44:30Z" level=warning msg="The \"STORAGE_S3_NAME\" variable is not set. Defaulting to a blank string."
time="2026-04-01T14:44:30Z" level=warning msg="The \"STORAGE_S3_ENDPOINT\" variable is not set. Defaulting to a blank string."
time="2026-04-01T14:44:30Z" level=warning msg="The \"STORAGE_S3_REGION\" variable is not set. Defaulting to a blank string."
 Image tetris-twenty:local Building 
#1 [internal] load local bake definitions
#1 reading from stdin 697B done
#1 DONE 0.0s

#2 [internal] load build definition from Dockerfile
#2 transferring dockerfile: 10.62kB done
#2 DONE 0.0s

#3 [internal] load metadata for docker.io/library/node:24-alpine
#3 DONE 0.5s

#4 [internal] load .dockerignore
#4 transferring context: 104B done
#4 DONE 0.0s

#5 [common-deps  2/13] WORKDIR /app
#5 CACHED

#6 [common-deps  1/13] FROM docker.io/library/node:24-alpine@sha256:01743339035a5c3c11a373cd7c83aeab6ed1457b55da6a69e014a95ac4e4700b
#6 resolve docker.io/library/node:24-alpine@sha256:01743339035a5c3c11a373cd7c83aeab6ed1457b55da6a69e014a95ac4e4700b 0.0s done
#6 CACHED

#7 [internal] load build context
#7 ...

#8 [twenty  2/21] RUN apk add --no-cache curl jq postgresql-client
#8 0.570 ( 1/19) Installing brotli-libs (1.2.0-r0)
#8 0.586 ( 2/19) Installing c-ares (1.34.6-r0)
#8 0.594 ( 3/19) Installing libunistring (1.4.1-r0)
#8 0.613 ( 4/19) Installing libidn2 (2.3.8-r0)
#8 0.620 ( 5/19) Installing nghttp2-libs (1.68.0-r0)
#8 0.627 ( 6/19) Installing nghttp3 (1.13.1-r0)
#8 0.633 ( 7/19) Installing libpsl (0.21.5-r3)
#8 0.640 ( 8/19) Installing zstd-libs (1.5.7-r2)
#8 0.652 ( 9/19) Installing libcurl (8.17.0-r1)
#8 0.663 (10/19) Installing curl (8.17.0-r1)
#8 0.673 (11/19) Installing oniguruma (6.9.10-r0)
#8 0.682 (12/19) Installing jq (1.8.1-r0)
#8 0.690 (13/19) Installing postgresql-common (1.2-r2)
#8 0.697   Executing postgresql-common-1.2-r2.pre-install
#8 0.713 (14/19) Installing lz4-libs (1.10.0-r0)
#8 0.720 (15/19) Installing libpq (18.3-r0)
#8 0.728 (16/19) Installing ncurses-terminfo-base (6.5_p20251123-r0)
#8 0.737 (17/19) Installing libncursesw (6.5_p20251123-r0)
#8 0.745 (18/19) Installing readline (8.3.1-r0)
#8 0.752 (19/19) Installing postgresql18-client (18.3-r0)
#8 0.783 Executing busybox-1.37.0-r30.trigger
#8 0.793 Executing postgresql-common-1.2-r2.trigger
#8 0.798 * Setting postgresql18 as the default version
#8 0.908 * WARNING: opening from cache https://dl-cdn.alpinelinux.org/alpine/v3.23/main/x86_64/APKINDEX.tar.gz: No such file or directory
#8 0.908 * WARNING: opening from cache https://dl-cdn.alpinelinux.org/alpine/v3.23/community/x86_64/APKINDEX.tar.gz: No such file or directory
#8 0.914 OK: 21.3 MiB in 37 packages
#8 DONE 1.6s

#7 [internal] load build context
#7 transferring context: 2.29MB 1.7s done
#7 DONE 2.5s

#9 [twenty  3/21] COPY ./packages/twenty-docker/twenty/entrypoint.sh /app/entrypoint.sh
#9 DONE 0.0s

#10 [common-deps  3/13] COPY ./package.json ./yarn.lock ./.yarnrc.yml ./tsconfig.base.json ./nx.json /app/
#10 DONE 0.1s

#11 [common-deps  4/13] COPY ./.yarn/releases /app/.yarn/releases
#11 DONE 0.0s

#12 [twenty  4/21] RUN chmod +x /app/entrypoint.sh
#12 ...

#13 [common-deps  5/13] COPY ./.yarn/patches /app/.yarn/patches
#13 DONE 0.0s

#14 [common-deps  6/13] COPY ./packages/twenty-emails/package.json /app/packages/twenty-emails/
#14 DONE 0.0s

#15 [common-deps  7/13] COPY ./packages/twenty-server/package.json /app/packages/twenty-server/
#15 DONE 0.0s

#12 [twenty  4/21] RUN chmod +x /app/entrypoint.sh
#12 DONE 0.2s

#16 [common-deps  8/13] COPY ./packages/twenty-server/patches /app/packages/twenty-server/patches
#16 DONE 0.0s

#17 [twenty  5/21] WORKDIR /app/packages/twenty-server
#17 DONE 0.0s

#18 [common-deps  9/13] COPY ./packages/twenty-ui/package.json /app/packages/twenty-ui/
#18 DONE 0.0s

#19 [common-deps 10/13] COPY ./packages/twenty-shared/package.json /app/packages/twenty-shared/
#19 DONE 0.0s

#20 [common-deps 11/13] COPY ./packages/twenty-front/package.json /app/packages/twenty-front/
#20 DONE 0.0s

#21 [common-deps 12/13] COPY ./packages/twenty-sdk/package.json /app/packages/twenty-sdk/
#21 DONE 0.0s

#22 [common-deps 13/13] RUN yarn && yarn cache clean && npx nx reset
#22 1.286 ➤ YN0000: · Yarn 4.9.2
#22 1.302 ➤ YN0000: ┌ Resolution step
#22 34.17 ➤ YN0085: │ - @0no-co/graphql.web@npm:1.1.1, @alcalzone/ansi-tokenize@npm:0.2.2, @algolia/autocomplete-core@npm:1.9.3, and 1018 more.
#22 34.36 ➤ YN0000: └ Completed in 33s 54ms
#22 34.36 ➤ YN0000: ┌ Post-resolution validation
#22 34.36 ➤ YN0060: │ @envelop/core is listed by your project with version 4.0.3 (p1c83a), which doesn't satisfy what @envelop/on-resolve requests (^5.0.0).
#22 34.36 ➤ YN0060: │ @graphiql/react is listed by your project with version 0.23.0 (pc4333), which doesn't satisfy what @graphiql/plugin-explorer requests (~0.20.4).
#22 34.36 ➤ YN0060: │ @nestjs/common is listed by your project with version 11.1.16 (p60764), which doesn't satisfy what @graphql-yoga/nestjs and other dependencies request (but they have non-overlapping ranges!).
#22 34.36 ➤ YN0060: │ @nestjs/core is listed by your project with version 11.1.16 (p7a89f), which doesn't satisfy what @graphql-yoga/nestjs and other dependencies request (but they have non-overlapping ranges!).
#22 34.36 ➤ YN0060: │ @nestjs/typeorm is listed by your project with version 11.0.0 (p88a19), which doesn't satisfy what @ptc-org/nestjs-query-typeorm and other dependencies request (^10.0.0).
#22 34.36 ➤ YN0060: │ @ptc-org/nestjs-query-core is listed by your project with version 4.4.0 (p64638), which doesn't satisfy what @ptc-org/nestjs-query-typeorm requests (4.2.0).
#22 34.36 ➤ YN0060: │ @tiptap/core is listed by your project with version 3.4.2 (pe30bc), which doesn't satisfy what @tiptap/extension-image and other dependencies request (^3.14.0).
#22 34.36 ➤ YN0060: │ @wyw-in-js/babel-preset is listed by your project with version 1.0.6 (p28082), which doesn't satisfy what next-with-linaria requests (<1.0.0-0).
#22 34.36 ➤ YN0060: │ express is listed by your project with version 4.22.1 (pb027e), which doesn't satisfy what @nestjs/serve-static requests (^5.0.1).
#22 34.36 ➤ YN0060: │ googleapis is listed by your project with version 105.0.0 (pd1234), which doesn't satisfy what @jrmdayn/googleapis-batcher requests (>=109.0.0).
#22 34.36 ➤ YN0060: │ graphql is listed by your project with version 16.8.1 (pee078), which doesn't satisfy what graphiql-explorer (via @graphiql/plugin-explorer) and other dependencies request (but they have non-overlapping ranges!).
#22 34.36 ➤ YN0060: │ react is listed by your project with version 19.2.4 (pe786e), which doesn't satisfy what @remote-dom/react and other dependencies request (but they have non-overlapping ranges!).
#22 34.36 ➤ YN0060: │ react-hook-form is listed by your project with version 7.52.2 (pf89b0), which doesn't satisfy what @hookform/resolvers requests (^7.55.0).
#22 34.36 ➤ YN0060: │ reflect-metadata is listed by your project with version 0.2.2 (p8a9bd), which doesn't satisfy what @ptc-org/nestjs-query-typeorm and other dependencies request (0.1.13).
#22 34.36 ➤ YN0002: │ twenty-emails@workspace:packages/twenty-emails [d24c7] doesn't provide @tiptap/pm (p2947a), requested by @tiptap/core.
#22 34.36 ➤ YN0002: │ twenty-emails@workspace:packages/twenty-emails [d24c7] doesn't provide typescript (pb9db6), requested by vite-plugin-dts.
#22 34.36 ➤ YN0002: │ twenty-emails@workspace:packages/twenty-emails [d24c7] doesn't provide vite (p6dfa0), requested by @lingui/vite-plugin and other dependencies.
#22 34.36 ➤ YN0002: │ twenty-emails@workspace:packages/twenty-emails doesn't provide @tiptap/pm (pa7bc2), requested by @tiptap/core.
#22 34.36 ➤ YN0002: │ twenty-emails@workspace:packages/twenty-emails doesn't provide react (pac803), requested by @lingui/react.
#22 34.36 ➤ YN0002: │ twenty-emails@workspace:packages/twenty-emails doesn't provide typescript (p26195), requested by vite-plugin-dts.
#22 34.36 ➤ YN0002: │ twenty-emails@workspace:packages/twenty-emails doesn't provide vite (pa1cb9), requested by @lingui/vite-plugin and other dependencies.
#22 34.36 ➤ YN0002: │ twenty-front@workspace:packages/twenty-front doesn't provide @tiptap/pm (p39162), requested by @tiptap/core and other dependencies.
#22 34.36 ➤ YN0002: │ twenty-front@workspace:packages/twenty-front doesn't provide @types/react (p3d667), requested by @ai-sdk/react and other dependencies.
#22 34.36 ➤ YN0002: │ twenty-front@workspace:packages/twenty-front doesn't provide @types/react-dom (p3226e), requested by @apollo/client and other dependencies.
#22 34.36 ➤ YN0002: │ twenty-front@workspace:packages/twenty-front doesn't provide react (pd36df), requested by @ai-sdk/react and other dependencies.
#22 34.36 ➤ YN0002: │ twenty-front@workspace:packages/twenty-front doesn't provide react-dom (p66e11), requested by @apollo/client and other dependencies.
#22 34.36 ➤ YN0002: │ twenty-front@workspace:packages/twenty-front doesn't provide rxjs (p6ac3c), requested by @apollo/client and other dependencies.
#22 34.36 ➤ YN0002: │ twenty-front@workspace:packages/twenty-front doesn't provide vite (p33cb8), requested by @lingui/vite-plugin and other dependencies.
#22 34.36 ➤ YN0002: │ twenty-front@workspace:packages/twenty-front doesn't provide zod (p5cbb5), requested by ai.
#22 34.36 ➤ YN0002: │ twenty-sdk@workspace:packages/twenty-sdk doesn't provide monaco-editor (p21502), requested by twenty-ui.
#22 34.36 ➤ YN0002: │ twenty-sdk@workspace:packages/twenty-sdk doesn't provide prettier (pb6e32), requested by @prettier/sync and other dependencies.
#22 34.36 ➤ YN0002: │ twenty-sdk@workspace:packages/twenty-sdk doesn't provide vitest (pacdd2), requested by @storybook/addon-vitest and other dependencies.
#22 34.36 ➤ YN0002: │ twenty-server@workspace:packages/twenty-server doesn't provide @apollo/gateway (pc2c97), requested by @ptc-org/nestjs-query-graphql.
#22 34.36 ➤ YN0002: │ twenty-server@workspace:packages/twenty-server doesn't provide @babel/core (pcdd5f), requested by @babel/preset-env.
#22 34.36 ➤ YN0002: │ twenty-server@workspace:packages/twenty-server doesn't provide @opentelemetry/core (p86380), requested by @opentelemetry/auto-instrumentations-node.
#22 34.36 ➤ YN0002: │ twenty-server@workspace:packages/twenty-server doesn't provide @types/inquirer (pb95bf), requested by nest-commander.
#22 34.36 ➤ YN0002: │ twenty-server@workspace:packages/twenty-server doesn't provide @types/react-dom (p6b1f2), requested by @blocknote/server-util and other dependencies.
#22 34.36 ➤ YN0002: │ twenty-server@workspace:packages/twenty-server doesn't provide esbuild (p79636), requested by @esbuild-plugins/node-modules-polyfill.
#22 34.36 ➤ YN0002: │ twenty-server@workspace:packages/twenty-server doesn't provide ts-morph (pc2108), requested by @nestjs/graphql and other dependencies.
#22 34.36 ➤ YN0002: │ twenty-server@workspace:packages/twenty-server doesn't provide typescript (p92d01), requested by @nestjs/schematics.
#22 34.36 ➤ YN0002: │ twenty-server@workspace:packages/twenty-server doesn't provide vite (pef850), requested by @lingui/vite-plugin and other dependencies.
#22 34.36 ➤ YN0002: │ twenty-shared@workspace:packages/twenty-shared doesn't provide @babel/core (p39150), requested by @babel/preset-env.
#22 34.36 ➤ YN0002: │ twenty-shared@workspace:packages/twenty-shared doesn't provide prettier (pb3eaa), requested by @prettier/sync.
#22 34.36 ➤ YN0002: │ twenty-shared@workspace:packages/twenty-shared doesn't provide react (p12935), requested by react-router-dom.
#22 34.36 ➤ YN0002: │ twenty-shared@workspace:packages/twenty-shared doesn't provide react-dom (p4a4c2), requested by react-router-dom.
#22 34.36 ➤ YN0002: │ twenty-ui@workspace:packages/twenty-ui [8bbfd] doesn't provide @babel/core (p6c3b6), requested by @babel/preset-env and other dependencies.
#22 34.36 ➤ YN0002: │ twenty-ui@workspace:packages/twenty-ui [8bbfd] doesn't provide prettier (p8f7a5), requested by @prettier/sync.
#22 34.36 ➤ YN0002: │ twenty-ui@workspace:packages/twenty-ui [8bbfd] doesn't provide typescript (p33849), requested by vite-plugin-checker and other dependencies.
#22 34.36 ➤ YN0002: │ twenty-ui@workspace:packages/twenty-ui [8bbfd] doesn't provide vite (pea656), requested by vite-plugin-checker and other dependencies.
#22 34.36 ➤ YN0002: │ twenty-ui@workspace:packages/twenty-ui [ac1a7] doesn't provide @babel/core (p7389f), requested by @babel/preset-env and other dependencies.
#22 34.36 ➤ YN0002: │ twenty-ui@workspace:packages/twenty-ui [ac1a7] doesn't provide prettier (p93ed0), requested by @prettier/sync.
#22 34.36 ➤ YN0002: │ twenty-ui@workspace:packages/twenty-ui [ac1a7] doesn't provide typescript (pf4988), requested by vite-plugin-checker and other dependencies.
#22 34.36 ➤ YN0002: │ twenty-ui@workspace:packages/twenty-ui [ac1a7] doesn't provide vite (pa9394), requested by vite-plugin-checker and other dependencies.
#22 34.36 ➤ YN0002: │ twenty-ui@workspace:packages/twenty-ui doesn't provide @babel/core (p35d82), requested by @babel/preset-env and other dependencies.
#22 34.36 ➤ YN0002: │ twenty-ui@workspace:packages/twenty-ui doesn't provide monaco-editor (p231c0), requested by @monaco-editor/react.
#22 34.36 ➤ YN0002: │ twenty-ui@workspace:packages/twenty-ui doesn't provide prettier (pff696), requested by @prettier/sync.
#22 34.36 ➤ YN0002: │ twenty-ui@workspace:packages/twenty-ui doesn't provide typescript (pb9675), requested by vite-plugin-checker and other dependencies.
#22 34.36 ➤ YN0002: │ twenty-ui@workspace:packages/twenty-ui doesn't provide vite (pb920e), requested by vite-plugin-checker and other dependencies.
#22 34.36 ➤ YN0002: │ twenty@workspace:. doesn't provide @babel/runtime (p01f2d), requested by next-with-linaria.
#22 34.36 ➤ YN0002: │ twenty@workspace:. doesn't provide @wyw-in-js/transform (pe2fb7), requested by next-with-linaria.
#22 34.36 ➤ YN0002: │ twenty@workspace:. doesn't provide graphql (peb3fc), requested by @apollo/client and other dependencies.
#22 34.36 ➤ YN0002: │ twenty@workspace:. doesn't provide graphql-tag (p9cf99), requested by @graphql-codegen/typescript-react-apollo.
#22 34.36 ➤ YN0002: │ twenty@workspace:. doesn't provide playwright (p91d7b), requested by @vitest/browser-playwright.
#22 34.36 ➤ YN0002: │ twenty@workspace:. doesn't provide webpack (p16bcb), requested by raw-loader and other dependencies.
#22 34.36 ➤ YN0086: │ Some peer dependencies are incorrectly met by your project; run yarn explain peer-requirements <hash> for details, where <hash> is the six-letter p-prefixed code.
#22 34.36 ➤ YN0086: │ Some peer dependencies are incorrectly met by dependencies; run yarn explain peer-requirements for details.
#22 34.36 ➤ YN0000: └ Completed
#22 34.36 ➤ YN0000: ┌ Fetch step
#22 67.74 ➤ YN0013: │ 4075 packages were added to the project (+ 2.2 GiB).
#22 67.74 ➤ YN0000: └ Completed in 33s 366ms
#22 67.94 ➤ YN0000: ┌ Link step
#22 114.4 ➤ YN0007: │ @swc/core@npm:1.15.18 [0915e] must be built because it never has been before or the last one failed
#22 114.4 ➤ YN0007: │ esbuild@npm:0.25.10 must be built because it never has been before or the last one failed
#22 114.4 ➤ YN0007: │ msw@npm:2.12.7 [0915e] must be built because it never has been before or the last one failed
#22 114.4 ➤ YN0007: │ esbuild@npm:0.27.2 must be built because it never has been before or the last one failed
#22 114.4 ➤ YN0007: │ esbuild@npm:0.25.8 must be built because it never has been before or the last one failed
#22 114.4 ➤ YN0007: │ core-js@npm:3.40.0 must be built because it never has been before or the last one failed
#22 114.4 ➤ YN0007: │ esbuild@npm:0.21.5 must be built because it never has been before or the last one failed
#22 114.4 ➤ YN0007: │ @nestjs/core@npm:11.1.16 [d24c7] must be built because it never has been before or the last one failed
#22 114.4 ➤ YN0007: │ bcrypt@npm:5.1.1 must be built because it never has been before or the last one failed
#22 114.4 ➤ YN0007: │ sharp@npm:0.32.6 must be built because it never has been before or the last one failed
#22 114.4 ➤ YN0007: │ unrs-resolver@npm:1.11.1 must be built because it never has been before or the last one failed
#22 114.4 ➤ YN0007: │ sharp@npm:0.34.5 must be built because it never has been before or the last one failed
#22 114.4 ➤ YN0007: │ protobufjs@npm:7.5.3 must be built because it never has been before or the last one failed
#22 114.4 ➤ YN0007: │ @sentry-internal/node-cpu-profiler@npm:2.2.0 must be built because it never has been before or the last one failed
#22 114.4 ➤ YN0007: │ @apollo/protobufjs@npm:1.2.6 must be built because it never has been before or the last one failed
#22 114.4 ➤ YN0007: │ msgpackr-extract@npm:3.0.3 must be built because it never has been before or the last one failed
#22 114.4 ➤ YN0007: │ esbuild@npm:0.25.5 must be built because it never has been before or the last one failed
#22 114.4 ➤ YN0007: │ canvas@npm:3.1.0 must be built because it never has been before or the last one failed
#22 114.4 ➤ YN0007: │ vue-demi@npm:0.14.10 [74204] must be built because it never has been before or the last one failed
#22 114.4 ➤ YN0007: │ core-js-pure@npm:3.46.0 must be built because it never has been before or the last one failed
#22 114.4 ➤ YN0007: │ @apollo/protobufjs@npm:1.2.7 must be built because it never has been before or the last one failed
#22 118.1 ➤ YN0009: │ canvas@npm:3.1.0 couldn't be built successfully (exit code 1, logs can be found here: /tmp/xfs-69e94978/build.log)
#22 118.7 ➤ YN0007: │ nx@npm:22.5.4 [0915e] must be built because it never has been before or the last one failed
#22 119.3 ➤ YN0000: └ Completed in 51s 349ms
#22 120.0 ➤ YN0000: · Done with warnings in 1m 59s
#22 121.7 ➤ YN0000: Done in 0s 211ms
#22 122.8 
#22 122.8  NX   Resetting the Nx cache and stopping the daemon.
#22 122.8 
#22 122.8 
#22 122.8 
#22 122.8  NX   Successfully reset the Nx workspace.
#22 122.8 
#22 122.8 npm notice
#22 122.8 npm notice New minor version of npm available! 11.11.0 -> 11.12.1
#22 122.8 npm notice Changelog: https://github.com/npm/cli/releases/tag/v11.12.1
#22 122.8 npm notice To update run: npm install -g npm@11.12.1
#22 122.8 npm notice
#22 DONE 124.1s

#23 [twenty-front-build 1/6] COPY ./packages/twenty-front /app/packages/twenty-front
#23 ...

#24 [twenty-server-build  1/10] COPY ./packages/twenty-emails /app/packages/twenty-emails
#24 DONE 4.1s

#25 [twenty-server-build  2/10] COPY ./packages/twenty-shared /app/packages/twenty-shared
#25 DONE 0.7s

#23 [twenty-front-build 1/6] COPY ./packages/twenty-front /app/packages/twenty-front
#23 ...

#26 [twenty-server-build  3/10] COPY ./packages/twenty-ui /app/packages/twenty-ui
#26 DONE 0.5s

#23 [twenty-front-build 1/6] COPY ./packages/twenty-front /app/packages/twenty-front
#23 ...

#27 [twenty-server-build  4/10] COPY ./packages/twenty-sdk /app/packages/twenty-sdk
#27 DONE 0.5s

#23 [twenty-front-build 1/6] COPY ./packages/twenty-front /app/packages/twenty-front
#23 ...

#28 [twenty-server-build  5/10] COPY ./packages/twenty-server /app/packages/twenty-server
#28 ...

#23 [twenty-front-build 1/6] COPY ./packages/twenty-front /app/packages/twenty-front
#23 DONE 9.5s

#29 [twenty-front-build 2/6] COPY ./packages/twenty-ui /app/packages/twenty-ui
#29 ...

#28 [twenty-server-build  5/10] COPY ./packages/twenty-server /app/packages/twenty-server
#28 DONE 3.9s

#29 [twenty-front-build 2/6] COPY ./packages/twenty-ui /app/packages/twenty-ui
#29 DONE 0.2s

#30 [twenty-front-build 3/6] COPY ./packages/twenty-shared /app/packages/twenty-shared
#30 DONE 0.2s

#31 [twenty-server-build  6/10] RUN npx nx run twenty-server:lingui:extract &&     npx nx run twenty-server:lingui:compile &&     npx nx run twenty-emails:lingui:extract &&     npx nx run twenty-emails:lingui:compile
#31 ...

#32 [twenty-front-build 4/6] COPY ./packages/twenty-sdk /app/packages/twenty-sdk
#32 DONE 0.1s

#33 [twenty-front-build 5/6] RUN npx nx run twenty-front:lingui:extract &&     npx nx run twenty-front:lingui:compile
#33 ...

#31 [twenty-server-build  6/10] RUN npx nx run twenty-server:lingui:extract &&     npx nx run twenty-server:lingui:compile &&     npx nx run twenty-emails:lingui:extract &&     npx nx run twenty-emails:lingui:compile
#31 14.74 
#31 14.74  NX   Running target lingui:extract for project twenty-server and 3 tasks it depends on:
#31 14.74 
#31 14.74 
#31 16.78 
#31 16.78 > nx run twenty-shared:generateBarrels
#31 16.78 
#31 16.78 > tsx packages/twenty-shared/scripts/generateBarrels.ts
#31 16.78 
#31 22.90 
#31 22.90 > nx run twenty-shared:build
#31 22.90 
#31 22.90 > npx vite build
#31 22.90 
#31 22.90 > tsgo -p tsconfig.lib.json --declaration --emitDeclarationOnly --noEmit false --outDir dist --rootDir src && npx tsc-alias -p tsconfig.lib.json --outDir dist
#31 22.90 
#31 ...

#33 [twenty-front-build 5/6] RUN npx nx run twenty-front:lingui:extract &&     npx nx run twenty-front:lingui:compile
#33 14.52 
#33 14.52  NX   Running target lingui:extract for project twenty-front and 5 tasks it depends on:
#33 14.52 
#33 14.53 
#33 16.99 
#33 17.00 > nx run twenty-shared:generateBarrels
#33 17.00 
#33 17.01 > tsx packages/twenty-shared/scripts/generateBarrels.ts
#33 17.01 
#33 17.30 
#33 17.31 > nx run twenty-ui:generateBarrels
#33 17.31 
#33 17.31 > tsx packages/twenty-ui/scripts/generateBarrels.ts
#33 17.31 
#33 22.58 
#33 22.58 > nx run twenty-shared:build
#33 22.58 
#33 22.58 > npx vite build
#33 22.58 
#33 22.58 > tsgo -p tsconfig.lib.json --declaration --emitDeclarationOnly --noEmit false --outDir dist --rootDir src && npx tsc-alias -p tsconfig.lib.json --outDir dist
#33 22.58 
#33 ...

#31 [twenty-server-build  6/10] RUN npx nx run twenty-server:lingui:extract &&     npx nx run twenty-server:lingui:compile &&     npx nx run twenty-emails:lingui:extract &&     npx nx run twenty-emails:lingui:compile
#31 32.74 
#31 32.74 > nx run twenty-emails:build
#31 32.74 
#31 32.74 > npx vite build
#31 32.74 
#31 32.74 [36mvite v7.1.12 [32mbuilding for production...[36m[39m
#31 32.74 transforming...
#31 32.74 [32m✓[39m 1010 modules transformed.
#31 32.74 rendering chunks...
#31 32.74 [2mdist/[22m[36mlocales/generated/zh-CN.mjs      [39m[1m[2m  3.98 kB[22m[1m[22m
#31 32.74 [2mdist/[22m[36mlocales/generated/zh-TW.mjs      [39m[1m[2m  4.03 kB[22m[1m[22m
#31 32.74 [2mdist/[22m[36mlocales/generated/en.mjs         [39m[1m[2m  4.13 kB[22m[1m[22m
#31 32.74 [2mdist/[22m[36mlocales/generated/fi-FI.mjs      [39m[1m[2m  4.21 kB[22m[1m[22m
#31 32.74 [2mdist/[22m[36mlocales/generated/af-ZA.mjs      [39m[1m[2m  4.29 kB[22m[1m[22m
#31 32.74 [2mdist/[22m[36mlocales/generated/no-NO.mjs      [39m[1m[2m  4.30 kB[22m[1m[22m
#31 32.74 [2mdist/[22m[36mlocales/generated/da-DK.mjs      [39m[1m[2m  4.32 kB[22m[1m[22m
#31 32.74 [2mdist/[22m[36mlocales/generated/nl-NL.mjs      [39m[1m[2m  4.34 kB[22m[1m[22m
#31 32.74 [2mdist/[22m[36mlocales/generated/sv-SE.mjs      [39m[1m[2m  4.34 kB[22m[1m[22m
#31 32.74 [2mdist/[22m[36mlocales/generated/pt-BR.mjs      [39m[1m[2m  4.35 kB[22m[1m[22m
#31 32.74 [2mdist/[22m[36mlocales/generated/pt-PT.mjs      [39m[1m[2m  4.36 kB[22m[1m[22m
#31 32.74 [2mdist/[22m[36mlocales/generated/it-IT.mjs      [39m[1m[2m  4.40 kB[22m[1m[22m
#31 32.74 [2mdist/[22m[36mlocales/generated/pl-PL.mjs      [39m[1m[2m  4.46 kB[22m[1m[22m
#31 32.74 [2mdist/[22m[36mlocales/generated/tr-TR.mjs      [39m[1m[2m  4.47 kB[22m[1m[22m
#31 32.74 [2mdist/[22m[36mlocales/generated/cs-CZ.mjs      [39m[1m[2m  4.48 kB[22m[1m[22m
#31 32.74 [2mdist/[22m[36mlocales/generated/de-DE.mjs      [39m[1m[2m  4.48 kB[22m[1m[22m
#31 32.74 [2mdist/[22m[36mlocales/generated/ro-RO.mjs      [39m[1m[2m  4.49 kB[22m[1m[22m
#31 32.74 [2mdist/[22m[36mlocales/generated/ca-ES.mjs      [39m[1m[2m  4.51 kB[22m[1m[22m
#31 32.74 [2mdist/[22m[36mlocales/generated/ko-KR.mjs      [39m[1m[2m  4.51 kB[22m[1m[22m
#31 32.74 [2mdist/[22m[36mlocales/generated/fr-FR.mjs      [39m[1m[2m  4.53 kB[22m[1m[22m
#31 32.74 [2mdist/[22m[36mlocales/generated/es-ES.mjs      [39m[1m[2m  4.54 kB[22m[1m[22m
#31 32.74 [2mdist/[22m[36mlocales/generated/hu-HU.mjs      [39m[1m[2m  4.58 kB[22m[1m[22m
#31 32.74 [2mdist/[22m[36mlocales/generated/he-IL.mjs      [39m[1m[2m  4.68 kB[22m[1m[22m
#31 32.74 [2mdist/[22m[36mlocales/generated/ja-JP.mjs      [39m[1m[2m  4.73 kB[22m[1m[22m
#31 32.74 [2mdist/[22m[36mlocales/generated/vi-VN.mjs      [39m[1m[2m  4.93 kB[22m[1m[22m
#31 32.74 [2mdist/[22m[36mlocales/generated/ar-SA.mjs      [39m[1m[2m  5.11 kB[22m[1m[22m
#31 32.74 [2mdist/[22m[36mlocales/generated/pseudo-en.mjs  [39m[1m[2m  5.40 kB[22m[1m[22m
#31 32.74 [2mdist/[22m[36mlocales/generated/sr-Cyrl.mjs    [39m[1m[2m  5.52 kB[22m[1m[22m
#31 32.74 [2mdist/[22m[36mlocales/generated/uk-UA.mjs      [39m[1m[2m  5.77 kB[22m[1m[22m
#31 32.74 [2mdist/[22m[36mlocales/generated/el-GR.mjs      [39m[1m[2m  6.14 kB[22m[1m[22m
#31 32.74 [2mdist/[22m[36mlocales/generated/ru-RU.mjs      [39m[1m[2m  6.39 kB[22m[1m[22m
#31 32.74 [2mdist/[22m[36mindex.mjs                        [39m[1m[33m869.30 kB[39m[22m
#31 32.74 [2mdist/[22m[36mlocales/generated/zh-CN.js      [39m[1m[2m  4.05 kB[22m[1m[22m
#31 32.74 [2mdist/[22m[36mlocales/generated/zh-TW.js      [39m[1m[2m  4.10 kB[22m[1m[22m
#31 32.74 [2mdist/[22m[36mlocales/generated/en.js         [39m[1m[2m  4.20 kB[22m[1m[22m
#31 32.74 [2mdist/[22m[36mlocales/generated/fi-FI.js      [39m[1m[2m  4.28 kB[22m[1m[22m
#31 32.74 [2mdist/[22m[36mlocales/generated/af-ZA.js      [39m[1m[2m  4.36 kB[22m[1m[22m
#31 32.74 [2mdist/[22m[36mlocales/generated/no-NO.js      [39m[1m[2m  4.37 kB[22m[1m[22m
#31 32.74 [2mdist/[22m[36mlocales/generated/da-DK.js      [39m[1m[2m  4.39 kB[22m[1m[22m
#31 32.74 [2mdist/[22m[36mlocales/generated/nl-NL.js      [39m[1m[2m  4.41 kB[22m[1m[22m
#31 32.74 [2mdist/[22m[36mlocales/generated/sv-SE.js      [39m[1m[2m  4.41 kB[22m[1m[22m
#31 32.74 [2mdist/[22m[36mlocales/generated/pt-BR.js      [39m[1m[2m  4.42 kB[22m[1m[22m
#31 32.74 [2mdist/[22m[36mlocales/generated/pt-PT.js      [39m[1m[2m  4.43 kB[22m[1m[22m
#31 32.74 [2mdist/[22m[36mlocales/generated/it-IT.js      [39m[1m[2m  4.47 kB[22m[1m[22m
#31 32.74 [2mdist/[22m[36mlocales/generated/pl-PL.js      [39m[1m[2m  4.53 kB[22m[1m[22m
#31 32.74 [2mdist/[22m[36mlocales/generated/tr-TR.js      [39m[1m[2m  4.54 kB[22m[1m[22m
#31 32.74 [2mdist/[22m[36mlocales/generated/cs-CZ.js      [39m[1m[2m  4.55 kB[22m[1m[22m
#31 32.74 [2mdist/[22m[36mlocales/generated/de-DE.js      [39m[1m[2m  4.55 kB[22m[1m[22m
#31 32.74 [2mdist/[22m[36mlocales/generated/ro-RO.js      [39m[1m[2m  4.56 kB[22m[1m[22m
#31 32.74 [2mdist/[22m[36mlocales/generated/ca-ES.js      [39m[1m[2m  4.58 kB[22m[1m[22m
#31 32.74 [2mdist/[22m[36mlocales/generated/ko-KR.js      [39m[1m[2m  4.58 kB[22m[1m[22m
#31 32.74 [2mdist/[22m[36mlocales/generated/fr-FR.js      [39m[1m[2m  4.60 kB[22m[1m[22m
#31 32.74 [2mdist/[22m[36mlocales/generated/es-ES.js      [39m[1m[2m  4.60 kB[22m[1m[22m
#31 32.74 [2mdist/[22m[36mlocales/generated/hu-HU.js      [39m[1m[2m  4.65 kB[22m[1m[22m
#31 32.74 [2mdist/[22m[36mlocales/generated/he-IL.js      [39m[1m[2m  4.75 kB[22m[1m[22m
#31 32.74 [2mdist/[22m[36mlocales/generated/ja-JP.js      [39m[1m[2m  4.80 kB[22m[1m[22m
#31 32.74 [2mdist/[22m[36mlocales/generated/vi-VN.js      [39m[1m[2m  5.00 kB[22m[1m[22m
#31 32.74 [2mdist/[22m[36mlocales/generated/ar-SA.js      [39m[1m[2m  5.18 kB[22m[1m[22m
#31 32.74 [2mdist/[22m[36mlocales/generated/pseudo-en.js  [39m[1m[2m  5.46 kB[22m[1m[22m
#31 32.74 [2mdist/[22m[36mlocales/generated/sr-Cyrl.js    [39m[1m[2m  5.59 kB[22m[1m[22m
#31 32.74 [2mdist/[22m[36mlocales/generated/uk-UA.js      [39m[1m[2m  5.84 kB[22m[1m[22m
#31 32.74 [2mdist/[22m[36mlocales/generated/el-GR.js      [39m[1m[2m  6.21 kB[22m[1m[22m
#31 32.74 [2mdist/[22m[36mlocales/generated/ru-RU.js      [39m[1m[2m  6.46 kB[22m[1m[22m
#31 32.74 [2mdist/[22m[36mindex.js                        [39m[1m[33m642.46 kB[39m[22m
#31 32.74 [32m✓ built in 6.84s[39m
#31 32.74 > tsgo -p tsconfig.lib.json --declaration --emitDeclarationOnly --outDir dist --rootDir src --composite false && npx tsc-alias -p tsconfig.lib.json --outDir dist
#31 32.74 
#31 32.76 
#31 32.76 > nx run twenty-server:"lingui:extract"
#31 32.76 
#31 32.76 > lingui extract --overwrite --clean
#31 32.76 
#31 49.13 [32m✔[39m 
#31 49.13 Catalog statistics for src/engine/core-modules/i18n/locales/{locale}: 
#31 49.14 ┌─────────────┬─────────────┬─────────┐
#31 49.14 │ Language    │ Total count │ Missing │
#31 49.14 ├─────────────┼─────────────┼─────────┤
#31 49.14 │ [1men[22m (source) │    1005     │    -    │
#31 49.14 │ af-ZA       │    1005     │   381   │
#31 49.14 │ ar-SA       │    1005     │   382   │
#31 49.14 │ ca-ES       │    1005     │   382   │
#31 49.14 │ cs-CZ       │    1005     │   383   │
#31 49.14 │ da-DK       │    1005     │   380   │
#31 49.14 │ de-DE       │    1005     │   371   │
#31 49.14 │ el-GR       │    1005     │   381   │
#31 49.14 │ es-ES       │    1005     │   377   │
#31 49.14 │ fi-FI       │    1005     │   385   │
#31 49.14 │ fr-FR       │    1005     │   384   │
#31 49.14 │ he-IL       │    1005     │   382   │
#31 49.14 │ hu-HU       │    1005     │   383   │
#31 49.14 │ it-IT       │    1005     │   381   │
#31 49.14 │ ja-JP       │    1005     │   296   │
#31 49.14 │ ko-KR       │    1005     │   380   │
#31 49.14 │ nl-NL       │    1005     │   380   │
#31 49.14 │ no-NO       │    1005     │   381   │
#31 49.14 │ pl-PL       │    1005     │   382   │
#31 49.14 │ pt-BR       │    1005     │   381   │
#31 49.14 │ pt-PT       │    1005     │   381   │
#31 49.14 │ ro-RO       │    1005     │   392   │
#31 49.14 │ ru-RU       │    1005     │   382   │
#31 49.14 │ sr-Cyrl     │    1005     │   382   │
#31 49.14 │ sv-SE       │    1005     │   383   │
#31 49.14 │ tr-TR       │    1005     │   383   │
#31 49.14 │ uk-UA       │    1005     │   382   │
#31 49.14 │ vi-VN       │    1005     │   381   │
#31 49.14 │ zh-CN       │    1005     │   381   │
#31 49.14 │ zh-TW       │    1005     │   384   │
#31 49.14 └─────────────┴─────────────┴─────────┘
#31 49.14 
#31 49.14 (Use "[33mnpm run extract[39m" to update catalogs with new messages.)
#31 49.14 (Use "[33mnpm run compile[39m" to compile catalogs for production. Alternatively, use bundler plugins: https://lingui.dev/ref/cli#compiling-catalogs-in-ci)
#31 49.20 
#31 49.20 
#31 49.20 
#31 49.20  NX   Successfully ran target lingui:extract for project twenty-server and 3 tasks it depends on
#31 49.20 
#31 49.20 
#31 50.74 
#31 50.74  NX   Running target lingui:compile for project twenty-server and 3 tasks it depends on:
#31 50.74 
#31 50.74 
#31 50.78 
#31 50.78 > nx run twenty-shared:generateBarrels  [existing outputs match the cache, left as is]
#31 50.78 
#31 50.82 
#31 50.82 > nx run twenty-shared:build  [existing outputs match the cache, left as is]
#31 50.82 
#31 50.85 
#31 50.85 > nx run twenty-emails:build  [existing outputs match the cache, left as is]
#31 50.85 
#31 50.86 
#31 50.86 > nx run twenty-server:"lingui:compile"
#31 50.86 
#31 50.86 > lingui compile --typescript
#31 50.86 
#31 51.56 Compiling message catalogs…
#31 ...

#33 [twenty-front-build 5/6] RUN npx nx run twenty-front:lingui:extract &&     npx nx run twenty-front:lingui:compile
#33 58.47 
#33 58.47 > nx run twenty-ui:build
#33 58.47 
#33 58.47 [linaria/wyw] Starting CSS pre-build
#33 58.47 [linaria/wyw] Pre-warm: 741ms ⚠️  slow
#33 58.47 
#33 58.47 [linaria/wyw] ===== CSS PRE-BUILD SUMMARY =====
#33 58.47 [linaria/wyw] Files transformed: 109
#33 58.47 [linaria/wyw] Files skipped (no @linaria): 6989
#33 58.47 [linaria/wyw] Transform time: 3880ms
#33 58.47 [linaria/wyw] Avg per transformed file: 35.6ms
#33 58.47 [linaria/wyw] ==========================================
#33 58.47 
#33 ...

#31 [twenty-server-build  6/10] RUN npx nx run twenty-server:lingui:extract &&     npx nx run twenty-server:lingui:compile &&     npx nx run twenty-emails:lingui:extract &&     npx nx run twenty-emails:lingui:compile
#31 64.46 Done!
#31 64.54 
#31 64.54 
#31 64.54 
#31 64.54  NX   Successfully ran target lingui:compile for project twenty-server and 3 tasks it depends on
#31 64.54 
#31 64.54 Nx read the output from the cache instead of running the command for 3 out of 4 tasks.
#31 64.54 
#31 65.88 
#31 65.88  NX   Running target lingui:extract for project twenty-emails and 2 tasks it depends on:
#31 65.88 
#31 65.88 
#31 65.92 
#31 65.92 > nx run twenty-shared:generateBarrels  [existing outputs match the cache, left as is]
#31 65.92 
#31 65.96 
#31 65.96 > nx run twenty-shared:build  [existing outputs match the cache, left as is]
#31 65.96 
#31 65.98 
#31 65.98 > nx run twenty-emails:"lingui:extract"
#31 65.98 
#31 65.98 > lingui extract --overwrite --clean
#31 65.98 
#31 67.10 [32m✔[39m 
#31 67.10 Catalog statistics for src/locales/{locale}: 
#31 67.10 ┌─────────────┬─────────────┬─────────┐
#31 67.10 │ Language    │ Total count │ Missing │
#31 67.10 ├─────────────┼─────────────┼─────────┤
#31 67.10 │ [1men[22m (source) │     39      │    -    │
#31 67.10 │ af-ZA       │     39      │   13    │
#31 67.10 │ ar-SA       │     39      │   13    │
#31 67.10 │ ca-ES       │     39      │   14    │
#31 67.10 │ cs-CZ       │     39      │   13    │
#31 67.10 │ da-DK       │     39      │   13    │
#31 67.10 │ de-DE       │     39      │   13    │
#31 67.10 │ el-GR       │     39      │   13    │
#31 67.10 │ es-ES       │     39      │   11    │
#31 67.10 │ fi-FI       │     39      │   13    │
#31 67.10 │ fr-FR       │     39      │   13    │
#31 67.10 │ he-IL       │     39      │   13    │
#31 67.10 │ hu-HU       │     39      │   13    │
#31 67.10 │ it-IT       │     39      │   13    │
#31 67.10 │ ja-JP       │     39      │   13    │
#31 67.10 │ ko-KR       │     39      │   13    │
#31 67.10 │ nl-NL       │     39      │   13    │
#31 67.10 │ no-NO       │     39      │   13    │
#31 67.10 │ pl-PL       │     39      │   13    │
#31 67.10 │ pt-BR       │     39      │   11    │
#31 67.10 │ pt-PT       │     39      │   13    │
#31 67.10 │ ro-RO       │     39      │   13    │
#31 67.10 │ ru-RU       │     39      │   11    │
#31 67.10 │ sr-Cyrl     │     39      │   13    │
#31 67.10 │ sv-SE       │     39      │   13    │
#31 67.10 │ tr-TR       │     39      │   13    │
#31 67.10 │ uk-UA       │     39      │   13    │
#31 67.10 │ vi-VN       │     39      │   13    │
#31 67.10 │ zh-CN       │     39      │   13    │
#31 67.10 │ zh-TW       │     39      │   13    │
#31 67.10 └─────────────┴─────────────┴─────────┘
#31 67.10 
#31 67.10 (Use "[33mnpm run extract[39m" to update catalogs with new messages.)
#31 67.11 (Use "[33mnpm run compile[39m" to compile catalogs for production. Alternatively, use bundler plugins: https://lingui.dev/ref/cli#compiling-catalogs-in-ci)
#31 67.14 
#31 67.14 
#31 67.14 
#31 67.14  NX   Successfully ran target lingui:extract for project twenty-emails and 2 tasks it depends on
#31 67.14 
#31 67.14 Nx read the output from the cache instead of running the command for 2 out of 3 tasks.
#31 67.14 
#31 68.17 
#31 68.17  NX   Running target lingui:compile for project twenty-emails and 2 tasks it depends on:
#31 68.17 
#31 68.17 
#31 68.21 
#31 68.21 > nx run twenty-shared:generateBarrels  [existing outputs match the cache, left as is]
#31 68.21 
#31 68.25 
#31 68.25 > nx run twenty-shared:build  [existing outputs match the cache, left as is]
#31 68.25 
#31 68.27 
#31 68.27 > nx run twenty-emails:"lingui:compile"
#31 68.27 
#31 68.27 > lingui compile --typescript
#31 68.27 
#31 68.94 Compiling message catalogs…
#31 69.60 Done!
#31 69.67 
#31 69.67 
#31 69.67 
#31 69.67  NX   Successfully ran target lingui:compile for project twenty-emails and 2 tasks it depends on
#31 69.67 
#31 69.67 Nx read the output from the cache instead of running the command for 2 out of 3 tasks.
#31 69.67 
#31 DONE 69.9s

#33 [twenty-front-build 5/6] RUN npx nx run twenty-front:lingui:extract &&     npx nx run twenty-front:lingui:compile
#33 ...

#34 [twenty-server-build  7/10] RUN npx nx run twenty-server:build
#34 2.486 
#34 2.486  NX   Running target build for project twenty-server and 3 tasks it depends on:
#34 2.486 
#34 2.486 
#34 2.552 
#34 2.552 > nx run twenty-shared:generateBarrels  [local cache]
#34 2.552 
#34 2.891 
#34 2.891 > nx run twenty-shared:build  [local cache]
#34 2.891 
#34 ...

#33 [twenty-front-build 5/6] RUN npx nx run twenty-front:lingui:extract &&     npx nx run twenty-front:lingui:compile
#33 78.66 
#33 78.66 > nx run twenty-sdk:build
#33 78.66 
#33 78.66 > npx rimraf dist && npx vite build -c vite.config.node.ts && npx vite build -c vite.config.browser.ts && npx vite build -c vite.config.sdk.ts
#33 78.66 
#33 78.66 > tsgo -p tsconfig.lib.json --declaration --emitDeclarationOnly --noEmit false --outDir dist --rootDir src && npx tsc-alias -p tsconfig.lib.json --outDir dist
#33 78.66 
#33 78.71 
#33 78.71 > nx run twenty-front:"lingui:extract"
#33 78.71 
#33 78.71 > lingui extract --overwrite --clean
#33 78.71 
#33 80.04 Browserslist: browsers data (caniuse-lite) is 8 months old. Please run:
#33 80.04   npx update-browserslist-db@latest
#33 80.04   Why you should do it regularly: https://github.com/browserslist/update-db#readme
#33 ...

#34 [twenty-server-build  7/10] RUN npx nx run twenty-server:build
#34 10.86 
#34 10.86 > nx run twenty-emails:build
#34 10.86 
#34 10.86 > npx vite build
#34 10.86 
#34 10.86 [36mvite v7.1.12 [32mbuilding for production...[36m[39m
#34 10.86 transforming...
#34 10.86 [32m✓[39m 1010 modules transformed.
#34 10.86 rendering chunks...
#34 10.86 [2mdist/[22m[36mlocales/generated/zh-CN.mjs      [39m[1m[2m  3.93 kB[22m[1m[22m
#34 10.86 [2mdist/[22m[36mlocales/generated/zh-TW.mjs      [39m[1m[2m  3.96 kB[22m[1m[22m
#34 10.86 [2mdist/[22m[36mlocales/generated/en.mjs         [39m[1m[2m  4.04 kB[22m[1m[22m
#34 10.86 [2mdist/[22m[36mlocales/generated/fi-FI.mjs      [39m[1m[2m  4.09 kB[22m[1m[22m
#34 10.86 [2mdist/[22m[36mlocales/generated/af-ZA.mjs      [39m[1m[2m  4.14 kB[22m[1m[22m
#34 10.86 [2mdist/[22m[36mlocales/generated/da-DK.mjs      [39m[1m[2m  4.16 kB[22m[1m[22m
#34 10.86 [2mdist/[22m[36mlocales/generated/no-NO.mjs      [39m[1m[2m  4.16 kB[22m[1m[22m
#34 10.86 [2mdist/[22m[36mlocales/generated/nl-NL.mjs      [39m[1m[2m  4.17 kB[22m[1m[22m
#34 10.86 [2mdist/[22m[36mlocales/generated/pt-BR.mjs      [39m[1m[2m  4.18 kB[22m[1m[22m
#34 10.86 [2mdist/[22m[36mlocales/generated/pt-PT.mjs      [39m[1m[2m  4.20 kB[22m[1m[22m
#34 10.86 [2mdist/[22m[36mlocales/generated/sv-SE.mjs      [39m[1m[2m  4.21 kB[22m[1m[22m
#34 10.86 [2mdist/[22m[36mlocales/generated/it-IT.mjs      [39m[1m[2m  4.23 kB[22m[1m[22m
#34 10.86 [2mdist/[22m[36mlocales/generated/tr-TR.mjs      [39m[1m[2m  4.24 kB[22m[1m[22m
#34 10.86 [2mdist/[22m[36mlocales/generated/cs-CZ.mjs      [39m[1m[2m  4.24 kB[22m[1m[22m
#34 10.86 [2mdist/[22m[36mlocales/generated/de-DE.mjs      [39m[1m[2m  4.26 kB[22m[1m[22m
#34 10.86 [2mdist/[22m[36mlocales/generated/pl-PL.mjs      [39m[1m[2m  4.27 kB[22m[1m[22m
#34 10.86 [2mdist/[22m[36mlocales/generated/ro-RO.mjs      [39m[1m[2m  4.28 kB[22m[1m[22m
#34 10.86 [2mdist/[22m[36mlocales/generated/ko-KR.mjs      [39m[1m[2m  4.32 kB[22m[1m[22m
#34 10.86 [2mdist/[22m[36mlocales/generated/ca-ES.mjs      [39m[1m[2m  4.32 kB[22m[1m[22m
#34 10.86 [2mdist/[22m[36mlocales/generated/hu-HU.mjs      [39m[1m[2m  4.32 kB[22m[1m[22m
#34 10.86 [2mdist/[22m[36mlocales/generated/fr-FR.mjs      [39m[1m[2m  4.34 kB[22m[1m[22m
#34 10.86 [2mdist/[22m[36mlocales/generated/es-ES.mjs      [39m[1m[2m  4.35 kB[22m[1m[22m
#34 10.86 [2mdist/[22m[36mlocales/generated/he-IL.mjs      [39m[1m[2m  4.38 kB[22m[1m[22m
#34 10.86 [2mdist/[22m[36mlocales/generated/ja-JP.mjs      [39m[1m[2m  4.49 kB[22m[1m[22m
#34 10.86 [2mdist/[22m[36mlocales/generated/vi-VN.mjs      [39m[1m[2m  4.65 kB[22m[1m[22m
#34 10.86 [2mdist/[22m[36mlocales/generated/ar-SA.mjs      [39m[1m[2m  4.71 kB[22m[1m[22m
#34 10.86 [2mdist/[22m[36mlocales/generated/sr-Cyrl.mjs    [39m[1m[2m  4.96 kB[22m[1m[22m
#34 10.86 [2mdist/[22m[36mlocales/generated/uk-UA.mjs      [39m[1m[2m  5.11 kB[22m[1m[22m
#34 10.86 [2mdist/[22m[36mlocales/generated/pseudo-en.mjs  [39m[1m[2m  5.28 kB[22m[1m[22m
#34 10.86 [2mdist/[22m[36mlocales/generated/el-GR.mjs      [39m[1m[2m  5.33 kB[22m[1m[22m
#34 10.86 [2mdist/[22m[36mlocales/generated/ru-RU.mjs      [39m[1m[2m  5.70 kB[22m[1m[22m
#34 10.86 [2mdist/[22m[36mindex.mjs                        [39m[1m[33m869.30 kB[39m[22m
#34 10.86 [2mdist/[22m[36mlocales/generated/zh-CN.js      [39m[1m[2m  4.00 kB[22m[1m[22m
#34 10.86 [2mdist/[22m[36mlocales/generated/zh-TW.js      [39m[1m[2m  4.03 kB[22m[1m[22m
#34 10.86 [2mdist/[22m[36mlocales/generated/en.js         [39m[1m[2m  4.11 kB[22m[1m[22m
#34 10.86 [2mdist/[22m[36mlocales/generated/fi-FI.js      [39m[1m[2m  4.16 kB[22m[1m[22m
#34 10.86 [2mdist/[22m[36mlocales/generated/af-ZA.js      [39m[1m[2m  4.21 kB[22m[1m[22m
#34 10.86 [2mdist/[22m[36mlocales/generated/da-DK.js      [39m[1m[2m  4.23 kB[22m[1m[22m
#34 10.86 [2mdist/[22m[36mlocales/generated/no-NO.js      [39m[1m[2m  4.23 kB[22m[1m[22m
#34 10.86 [2mdist/[22m[36mlocales/generated/nl-NL.js      [39m[1m[2m  4.24 kB[22m[1m[22m
#34 10.86 [2mdist/[22m[36mlocales/generated/pt-BR.js      [39m[1m[2m  4.25 kB[22m[1m[22m
#34 10.86 [2mdist/[22m[36mlocales/generated/pt-PT.js      [39m[1m[2m  4.26 kB[22m[1m[22m
#34 10.86 [2mdist/[22m[36mlocales/generated/sv-SE.js      [39m[1m[2m  4.28 kB[22m[1m[22m
#34 10.86 [2mdist/[22m[36mlocales/generated/it-IT.js      [39m[1m[2m  4.30 kB[22m[1m[22m
#34 10.86 [2mdist/[22m[36mlocales/generated/tr-TR.js      [39m[1m[2m  4.31 kB[22m[1m[22m
#34 10.86 [2mdist/[22m[36mlocales/generated/cs-CZ.js      [39m[1m[2m  4.31 kB[22m[1m[22m
#34 10.86 [2mdist/[22m[36mlocales/generated/de-DE.js      [39m[1m[2m  4.33 kB[22m[1m[22m
#34 10.86 [2mdist/[22m[36mlocales/generated/pl-PL.js      [39m[1m[2m  4.34 kB[22m[1m[22m
#34 10.86 [2mdist/[22m[36mlocales/generated/ro-RO.js      [39m[1m[2m  4.35 kB[22m[1m[22m
#34 10.86 [2mdist/[22m[36mlocales/generated/ko-KR.js      [39m[1m[2m  4.39 kB[22m[1m[22m
#34 10.86 [2mdist/[22m[36mlocales/generated/ca-ES.js      [39m[1m[2m  4.39 kB[22m[1m[22m
#34 10.86 [2mdist/[22m[36mlocales/generated/hu-HU.js      [39m[1m[2m  4.39 kB[22m[1m[22m
#34 10.86 [2mdist/[22m[36mlocales/generated/fr-FR.js      [39m[1m[2m  4.41 kB[22m[1m[22m
#34 10.86 [2mdist/[22m[36mlocales/generated/es-ES.js      [39m[1m[2m  4.42 kB[22m[1m[22m
#34 10.86 [2mdist/[22m[36mlocales/generated/he-IL.js      [39m[1m[2m  4.45 kB[22m[1m[22m
#34 10.86 [2mdist/[22m[36mlocales/generated/ja-JP.js      [39m[1m[2m  4.56 kB[22m[1m[22m
#34 10.86 [2mdist/[22m[36mlocales/generated/vi-VN.js      [39m[1m[2m  4.72 kB[22m[1m[22m
#34 10.86 [2mdist/[22m[36mlocales/generated/ar-SA.js      [39m[1m[2m  4.77 kB[22m[1m[22m
#34 10.86 [2mdist/[22m[36mlocales/generated/sr-Cyrl.js    [39m[1m[2m  5.03 kB[22m[1m[22m
#34 10.86 [2mdist/[22m[36mlocales/generated/uk-UA.js      [39m[1m[2m  5.17 kB[22m[1m[22m
#34 10.86 [2mdist/[22m[36mlocales/generated/pseudo-en.js  [39m[1m[2m  5.34 kB[22m[1m[22m
#34 10.86 [2mdist/[22m[36mlocales/generated/el-GR.js      [39m[1m[2m  5.40 kB[22m[1m[22m
#34 10.86 [2mdist/[22m[36mlocales/generated/ru-RU.js      [39m[1m[2m  5.77 kB[22m[1m[22m
#34 10.86 [2mdist/[22m[36mindex.js                        [39m[1m[33m642.46 kB[39m[22m
#34 10.86 [32m✓ built in 5.17s[39m
#34 10.86 > tsgo -p tsconfig.lib.json --declaration --emitDeclarationOnly --outDir dist --rootDir src --composite false && npx tsc-alias -p tsconfig.lib.json --outDir dist
#34 10.86 
#34 10.90 
#34 10.90 > nx run twenty-server:build
#34 10.90 
#34 10.90 > rimraf dist
#34 10.90 
#34 10.98 > nest build --path ./tsconfig.build.json
#34 10.98 
#34 12.16 [36m> [39m[46m[1m SWC [22m[49m [36mRunning...[39m
#34 30.53 Successfully compiled: 5236 files with swc (369.37ms)
#34 ...

#33 [twenty-front-build 5/6] RUN npx nx run twenty-front:lingui:extract &&     npx nx run twenty-front:lingui:compile
#33 101.3 [32m✔[39m 
#33 101.3 Catalog statistics for src/locales/{locale}: 
#33 101.3 ┌─────────────┬─────────────┬─────────┐
#33 101.3 │ Language    │ Total count │ Missing │
#33 101.3 ├─────────────┼─────────────┼─────────┤
#33 101.3 │ [1men[22m (source) │    2903     │    -    │
#33 101.3 │ af-ZA       │    2903     │   826   │
#33 101.3 │ ar-SA       │    2903     │   828   │
#33 101.3 │ ca-ES       │    2903     │   824   │
#33 101.3 │ cs-CZ       │    2903     │   824   │
#33 101.3 │ da-DK       │    2903     │   823   │
#33 101.3 │ de-DE       │    2903     │   826   │
#33 101.3 │ el-GR       │    2903     │   823   │
#33 101.3 │ es-ES       │    2903     │   764   │
#33 101.3 │ fi-FI       │    2903     │   822   │
#33 101.3 │ fr-FR       │    2903     │   825   │
#33 101.3 │ he-IL       │    2903     │   827   │
#33 101.3 │ hu-HU       │    2903     │   823   │
#33 101.3 │ it-IT       │    2903     │   828   │
#33 101.3 │ ja-JP       │    2903     │   822   │
#33 101.3 │ ko-KR       │    2903     │   822   │
#33 101.3 │ nl-NL       │    2903     │   823   │
#33 101.3 │ no-NO       │    2903     │   836   │
#33 101.3 │ pl-PL       │    2903     │   830   │
#33 101.3 │ pt-BR       │    2903     │   800   │
#33 101.3 │ pt-PT       │    2903     │   823   │
#33 101.3 │ ro-RO       │    2903     │   824   │
#33 101.3 │ ru-RU       │    2903     │   745   │
#33 101.3 │ sr-Cyrl     │    2903     │   828   │
#33 101.3 │ sv-SE       │    2903     │   821   │
#33 101.3 │ tr-TR       │    2903     │   821   │
#33 101.3 │ uk-UA       │    2903     │   824   │
#33 101.3 │ vi-VN       │    2903     │   822   │
#33 101.3 │ zh-CN       │    2903     │   833   │
#33 101.3 │ zh-TW       │    2903     │   824   │
#33 101.3 └─────────────┴─────────────┴─────────┘
#33 101.3 
#33 101.3 (Use "[33mnpm run extract[39m" to update catalogs with new messages.)
#33 101.3 (Use "[33mnpm run compile[39m" to compile catalogs for production. Alternatively, use bundler plugins: https://lingui.dev/ref/cli#compiling-catalogs-in-ci)
#33 101.4 
#33 101.4 
#33 101.4 
#33 101.4  NX   Successfully ran target lingui:extract for project twenty-front and 5 tasks it depends on
#33 101.4 
#33 101.4 
#33 102.3 
#33 102.3  NX   Running target lingui:compile for project twenty-front and 5 tasks it depends on:
#33 102.3 
#33 102.3 
#33 102.4 
#33 102.4 > nx run twenty-shared:generateBarrels  [existing outputs match the cache, left as is]
#33 102.4 
#33 102.4 
#33 102.4 > nx run twenty-shared:build  [existing outputs match the cache, left as is]
#33 102.4 
#33 ...

#34 [twenty-server-build  7/10] RUN npx nx run twenty-server:build
#34 32.55 
#34 32.55 
#34 32.55 
#34 32.55  NX   Successfully ran target build for project twenty-server and 3 tasks it depends on
#34 32.55 
#34 32.55 Nx read the output from the cache instead of running the command for 2 out of 4 tasks.
#34 32.55 
#34 DONE 33.1s

#35 [twenty-server-build  8/10] RUN npx esbuild packages/twenty-server/scripts/setup-db.ts       --bundle --platform=node --outfile=packages/twenty-server/dist/scripts/setup-db.js       --external:typeorm --external:dotenv --external:pg
#35 0.827 
#35 0.827   packages/twenty-server/dist/scripts/setup-db.js  3.3kb
#35 0.827 
#35 0.827 ⚡ Done in 13ms
#35 DONE 0.9s

#36 [twenty-server-build  9/10] RUN find /app/packages/twenty-server/dist -name '*.d.ts' -delete  && rm -rf /app/packages/twenty-server/dist/packages/twenty-server/test
#36 DONE 0.4s

#37 [twenty-server-build 10/10] RUN yarn workspaces focus --production twenty-emails twenty-shared twenty-sdk twenty-server
#37 1.230 ➤ YN0000: · Yarn 4.9.2
#37 1.238 ➤ YN0000: ┌ Resolution step
#37 1.490 ➤ YN0085: │ - @adobe/css-tools@npm:4.4.0, @ai-sdk/react@npm:3.0.99, @angular-devkit/core@npm:19.2.17, @angular-devkit/core@npm:19.2.19, and 2313 more.
#37 1.597 ➤ YN0000: └ Completed in 0s 358ms
#37 1.598 ➤ YN0000: ┌ Post-resolution validation
#37 1.598 ➤ YN0060: │ @envelop/core is listed by your project with version 4.0.3 (p1c83a), which doesn't satisfy what @envelop/on-resolve requests (^5.0.0).
#37 1.598 ➤ YN0060: │ @nestjs/common is listed by your project with version 11.1.16 (p60764), which doesn't satisfy what @graphql-yoga/nestjs and other dependencies request (but they have non-overlapping ranges!).
#37 1.599 ➤ YN0060: │ @nestjs/core is listed by your project with version 11.1.16 (p7a89f), which doesn't satisfy what @graphql-yoga/nestjs and other dependencies request (but they have non-overlapping ranges!).
#37 1.599 ➤ YN0060: │ @nestjs/typeorm is listed by your project with version 11.0.0 (p88a19), which doesn't satisfy what @ptc-org/nestjs-query-typeorm and other dependencies request (^10.0.0).
#37 1.599 ➤ YN0060: │ @ptc-org/nestjs-query-core is listed by your project with version 4.4.0 (p64638), which doesn't satisfy what @ptc-org/nestjs-query-typeorm requests (4.2.0).
#37 1.599 ➤ YN0060: │ express is listed by your project with version 4.22.1 (pb027e), which doesn't satisfy what @nestjs/serve-static requests (^5.0.1).
#37 1.599 ➤ YN0060: │ googleapis is listed by your project with version 105.0.0 (pd1234), which doesn't satisfy what @jrmdayn/googleapis-batcher requests (>=109.0.0).
#37 1.599 ➤ YN0060: │ react is listed by your project with version 19.2.4 (pe786e), which doesn't satisfy what @remote-dom/react and other dependencies request (but they have non-overlapping ranges!).
#37 1.599 ➤ YN0060: │ reflect-metadata is listed by your project with version 0.2.2 (p8a9bd), which doesn't satisfy what @ptc-org/nestjs-query-typeorm and other dependencies request (0.1.13).
#37 1.599 ➤ YN0002: │ twenty-emails@workspace:packages/twenty-emails doesn't provide react (pac803), requested by @lingui/react.
#37 1.599 ➤ YN0002: │ twenty-server@workspace:packages/twenty-server doesn't provide @apollo/gateway (pc2c97), requested by @ptc-org/nestjs-query-graphql.
#37 1.599 ➤ YN0002: │ twenty-server@workspace:packages/twenty-server doesn't provide @babel/core (pcdd5f), requested by @babel/preset-env.
#37 1.599 ➤ YN0002: │ twenty-server@workspace:packages/twenty-server doesn't provide @opentelemetry/core (p86380), requested by @opentelemetry/auto-instrumentations-node.
#37 1.599 ➤ YN0002: │ twenty-server@workspace:packages/twenty-server doesn't provide @types/inquirer (pb95bf), requested by nest-commander.
#37 1.599 ➤ YN0002: │ twenty-server@workspace:packages/twenty-server doesn't provide @types/react (pe9c83), requested by @blocknote/server-util and other dependencies.
#37 1.599 ➤ YN0002: │ twenty-server@workspace:packages/twenty-server doesn't provide @types/react-dom (p6b1f2), requested by @blocknote/server-util and other dependencies.
#37 1.599 ➤ YN0002: │ twenty-server@workspace:packages/twenty-server doesn't provide esbuild (p79636), requested by @esbuild-plugins/node-modules-polyfill.
#37 1.599 ➤ YN0002: │ twenty-server@workspace:packages/twenty-server doesn't provide ts-morph (pc2108), requested by @nestjs/graphql and other dependencies.
#37 1.599 ➤ YN0002: │ twenty-server@workspace:packages/twenty-server doesn't provide vite (pef850), requested by @lingui/vite-plugin and other dependencies.
#37 1.599 ➤ YN0002: │ twenty-shared@workspace:packages/twenty-shared doesn't provide react (p12935), requested by react-router-dom.
#37 1.599 ➤ YN0002: │ twenty-shared@workspace:packages/twenty-shared doesn't provide react-dom (p4a4c2), requested by react-router-dom.
#37 1.599 ➤ YN0086: │ Some peer dependencies are incorrectly met by your project; run yarn explain peer-requirements <hash> for details, where <hash> is the six-letter p-prefixed code.
#37 1.599 ➤ YN0086: │ Some peer dependencies are incorrectly met by dependencies; run yarn explain peer-requirements for details.
#37 1.599 ➤ YN0000: └ Completed
#37 1.599 ➤ YN0000: ┌ Fetch step
#37 ...

#33 [twenty-front-build 5/6] RUN npx nx run twenty-front:lingui:extract &&     npx nx run twenty-front:lingui:compile
#33 103.9 
#33 103.9 > nx run twenty-ui:generateBarrels
#33 103.9 
#33 103.9 > tsx packages/twenty-ui/scripts/generateBarrels.ts
#33 103.9 
#33 ...

#37 [twenty-server-build 10/10] RUN yarn workspaces focus --production twenty-emails twenty-shared twenty-sdk twenty-server
#37 15.33 ➤ YN0013: │ 1904 packages were added to the project (+ 885.85 MiB).
#37 15.33 ➤ YN0000: └ Completed in 13s 732ms
#37 15.33 ➤ YN0000: ┌ Link step
#37 ...

#33 [twenty-front-build 5/6] RUN npx nx run twenty-front:lingui:extract &&     npx nx run twenty-front:lingui:compile
#33 137.7 
#33 137.7 > nx run twenty-ui:build
#33 137.7 
#33 137.7 [linaria/wyw] Starting CSS pre-build
#33 137.7 [linaria/wyw] Pre-warm: 601ms ⚠️  slow
#33 137.7 
#33 137.7 [linaria/wyw] ===== CSS PRE-BUILD SUMMARY =====
#33 137.7 [linaria/wyw] Files transformed: 109
#33 137.7 [linaria/wyw] Files skipped (no @linaria): 6989
#33 137.7 [linaria/wyw] Transform time: 3202ms
#33 137.7 [linaria/wyw] Avg per transformed file: 29.4ms
#33 137.7 [linaria/wyw] ==========================================
#33 137.7 
#33 155.1 
#33 155.1 > nx run twenty-sdk:build
#33 155.1 
#33 155.1 > npx rimraf dist && npx vite build -c vite.config.node.ts && npx vite build -c vite.config.browser.ts && npx vite build -c vite.config.sdk.ts
#33 155.1 
#33 155.1 > tsgo -p tsconfig.lib.json --declaration --emitDeclarationOnly --noEmit false --outDir dist --rootDir src && npx tsc-alias -p tsconfig.lib.json --outDir dist
#33 155.1 
#33 155.2 
#33 155.2 > nx run twenty-front:"lingui:compile"
#33 155.2 
#33 155.2 > lingui compile --typescript
#33 155.2 
#33 156.0 Compiling message catalogs…
#33 ...

#37 [twenty-server-build 10/10] RUN yarn workspaces focus --production twenty-emails twenty-shared twenty-sdk twenty-server
#37 68.36 ➤ YN0008: │ esbuild@npm:0.25.8 must be rebuilt because its dependency tree changed
#37 68.36 ➤ YN0008: │ @nestjs/core@npm:11.1.16 [d24c7] must be rebuilt because its dependency tree changed
#37 68.36 ➤ YN0008: │ bcrypt@npm:5.1.1 must be rebuilt because its dependency tree changed
#37 68.36 ➤ YN0008: │ sharp@npm:0.32.6 must be rebuilt because its dependency tree changed
#37 68.99 ➤ YN0000: └ Completed in 53s 659ms
#37 69.21 ➤ YN0000: · Done with warnings in 1m 8s
#37 DONE 69.9s

#33 [twenty-front-build 5/6] RUN npx nx run twenty-front:lingui:extract &&     npx nx run twenty-front:lingui:compile
#33 190.9 Done!
#33 191.0 
#33 191.0 
#33 191.0 
#33 191.0  NX   Successfully ran target lingui:compile for project twenty-front and 5 tasks it depends on
#33 191.0 
#33 191.0 Nx read the output from the cache instead of running the command for 2 out of 6 tasks.
#33 191.0 
#33 DONE 191.3s

#38 [twenty-front-build 6/6] RUN if [ -d /app/packages/twenty-front/build ]; then       echo "Using pre-built frontend from host";     else       NODE_OPTIONS="--max-old-space-size=8192" npx nx build twenty-front;     fi
#38 4.033 
#38 4.034  NX   Running target build for project twenty-front and 5 tasks it depends on:
#38 4.034 
#38 4.034 
#38 4.095 
#38 4.095 > nx run twenty-shared:generateBarrels  [local cache]
#38 4.095 
#38 4.854 
#38 4.854 > nx run twenty-shared:build  [local cache]
#38 4.854 
#38 6.015 
#38 6.015 > nx run twenty-ui:generateBarrels
#38 6.015 
#38 6.015 > tsx packages/twenty-ui/scripts/generateBarrels.ts
#38 6.015 
#38 40.03 
#38 40.03 > nx run twenty-ui:build
#38 40.03 
#38 40.03 [linaria/wyw] Starting CSS pre-build
#38 40.03 [linaria/wyw] Pre-warm: 669ms ⚠️  slow
#38 40.03 
#38 40.03 [linaria/wyw] ===== CSS PRE-BUILD SUMMARY =====
#38 40.03 [linaria/wyw] Files transformed: 109
#38 40.03 [linaria/wyw] Files skipped (no @linaria): 6989
#38 40.03 [linaria/wyw] Transform time: 3256ms
#38 40.03 [linaria/wyw] Avg per transformed file: 29.9ms
#38 40.03 [linaria/wyw] ==========================================
#38 40.03 
#38 ...

#39 [twenty  6/21] COPY --chown=1000 --from=twenty-server-build /app/package.json /app/yarn.lock /app/.yarnrc.yml /app/
#39 DONE 0.1s

#38 [twenty-front-build 6/6] RUN if [ -d /app/packages/twenty-front/build ]; then       echo "Using pre-built frontend from host";     else       NODE_OPTIONS="--max-old-space-size=8192" npx nx build twenty-front;     fi
#38 ...

#40 [twenty  7/21] COPY --chown=1000 --from=twenty-server-build /app/tsconfig.base.json /app/nx.json /app/
#40 DONE 0.2s

#38 [twenty-front-build 6/6] RUN if [ -d /app/packages/twenty-front/build ]; then       echo "Using pre-built frontend from host";     else       NODE_OPTIONS="--max-old-space-size=8192" npx nx build twenty-front;     fi
#38 ...

#41 [twenty  8/21] COPY --chown=1000 --from=twenty-server-build /app/.yarn /app/.yarn
#41 DONE 0.5s

#38 [twenty-front-build 6/6] RUN if [ -d /app/packages/twenty-front/build ]; then       echo "Using pre-built frontend from host";     else       NODE_OPTIONS="--max-old-space-size=8192" npx nx build twenty-front;     fi
#38 ...

#42 [twenty  9/21] COPY --chown=1000 --from=twenty-server-build /app/node_modules /app/node_modules
#42 ...

#38 [twenty-front-build 6/6] RUN if [ -d /app/packages/twenty-front/build ]; then       echo "Using pre-built frontend from host";     else       NODE_OPTIONS="--max-old-space-size=8192" npx nx build twenty-front;     fi
#38 58.99 
#38 58.99 > nx run twenty-sdk:build
#38 58.99 
#38 58.99 > npx rimraf dist && npx vite build -c vite.config.node.ts && npx vite build -c vite.config.browser.ts && npx vite build -c vite.config.sdk.ts
#38 58.99 
#38 58.99 > tsgo -p tsconfig.lib.json --declaration --emitDeclarationOnly --noEmit false --outDir dist --rootDir src && npx tsc-alias -p tsconfig.lib.json --outDir dist
#38 58.99 
#38 59.05 
#38 59.05 > nx run twenty-front:build
#38 59.05 
#38 61.64 [36mvite v7.1.12 [32mbuilding for production...[36m[39m
#38 61.66 [linaria/wyw] Starting CSS pre-build
#38 61.78 Browserslist: browsers data (caniuse-lite) is 8 months old. Please run:
#38 61.78   npx update-browserslist-db@latest
#38 61.78   Why you should do it regularly: https://github.com/browserslist/update-db#readme
#38 62.28 [linaria/wyw] Pre-warm: 621ms ⚠️  slow
#38 64.83 transforming...
#38 65.11 [33m../../node_modules/react-helmet-async/lib/index.module.js (1:7186): A comment
#38 65.11 "/*#__PURE__*/"
#38 65.11 in "../../node_modules/react-helmet-async/lib/index.module.js" contains an annotation that Rollup cannot interpret due to the position of the comment. The comment will be removed to avoid issues.[39m
#38 65.11 [33m../../node_modules/react-helmet-async/lib/index.module.js (1:13561): A comment
#38 65.11 "/*#__PURE__*/"
#38 65.11 in "../../node_modules/react-helmet-async/lib/index.module.js" contains an annotation that Rollup cannot interpret due to the position of the comment. The comment will be removed to avoid issues.[39m
#38 ...

#42 [twenty  9/21] COPY --chown=1000 --from=twenty-server-build /app/node_modules /app/node_modules
#42 DONE 54.8s

#43 [twenty 10/21] COPY --chown=1000 --from=twenty-server-build /app/packages/twenty-server/package.json /app/packages/twenty-server/
#43 DONE 4.1s

#38 [twenty-front-build 6/6] RUN if [ -d /app/packages/twenty-front/build ]; then       echo "Using pre-built frontend from host";     else       NODE_OPTIONS="--max-old-space-size=8192" npx nx build twenty-front;     fi
#38 ...

#44 [twenty 11/21] COPY --chown=1000 --from=twenty-server-build /app/packages/twenty-server/dist /app/packages/twenty-server/dist
#44 DONE 5.2s

#38 [twenty-front-build 6/6] RUN if [ -d /app/packages/twenty-front/build ]; then       echo "Using pre-built frontend from host";     else       NODE_OPTIONS="--max-old-space-size=8192" npx nx build twenty-front;     fi
#38 101.1 [33m[plugin vite:resolve] Module "module" has been externalized for browser compatibility, imported by "/app/node_modules/typescript/lib/typescript.js". See https://vite.dev/guide/troubleshooting.html#module-externalized-for-browser-compatibility for more details.[39m
#38 ...

#45 [twenty 12/21] COPY --chown=1000 --from=twenty-server-build /app/packages/twenty-server/patches /app/packages/twenty-server/patches
#45 DONE 0.2s

#46 [twenty 13/21] COPY --chown=1000 --from=twenty-server-build /app/packages/twenty-shared/package.json /app/packages/twenty-shared/
#46 DONE 0.1s

#47 [twenty 14/21] COPY --chown=1000 --from=twenty-server-build /app/packages/twenty-shared/dist /app/packages/twenty-shared/dist
#47 DONE 0.5s

#38 [twenty-front-build 6/6] RUN if [ -d /app/packages/twenty-front/build ]; then       echo "Using pre-built frontend from host";     else       NODE_OPTIONS="--max-old-space-size=8192" npx nx build twenty-front;     fi
#38 ...

#48 [twenty 15/21] COPY --chown=1000 --from=twenty-server-build /app/packages/twenty-emails/package.json /app/packages/twenty-emails/
#48 DONE 0.1s

#49 [twenty 16/21] COPY --chown=1000 --from=twenty-server-build /app/packages/twenty-emails/dist /app/packages/twenty-emails/dist
#49 DONE 0.2s

#38 [twenty-front-build 6/6] RUN if [ -d /app/packages/twenty-front/build ]; then       echo "Using pre-built frontend from host";     else       NODE_OPTIONS="--max-old-space-size=8192" npx nx build twenty-front;     fi
#38 ...

#50 [twenty 17/21] COPY --chown=1000 --from=twenty-server-build /app/packages/twenty-sdk/package.json /app/packages/twenty-sdk/
#50 DONE 0.1s

#51 [twenty 18/21] COPY --chown=1000 --from=twenty-server-build /app/packages/twenty-ui/package.json /app/packages/twenty-ui/
#51 DONE 0.0s

#52 [twenty 19/21] COPY --chown=1000 --from=twenty-server-build /app/packages/twenty-front/package.json /app/packages/twenty-front/
#52 DONE 0.0s

#38 [twenty-front-build 6/6] RUN if [ -d /app/packages/twenty-front/build ]; then       echo "Using pre-built frontend from host";     else       NODE_OPTIONS="--max-old-space-size=8192" npx nx build twenty-front;     fi
#38 163.6 [32m✓[39m 16130 modules transformed.
#38 169.4 rendering chunks...
#38 259.8 [33m[plugin vite:reporter] 
#38 259.8 (!)  /app/node_modules/cron-parser/dist/index.js?commonjs-es-import is dynamically imported by /app/packages/twenty-front/src/modules/workflow/workflow-trigger/components/WorkflowEditTriggerCronForm.tsx but also statically imported by /app/packages/twenty-front/src/modules/workflow/workflow-trigger/components/CronExpressionHelper.tsx, /app/packages/twenty-front/src/modules/workflow/workflow-trigger/utils/cron-to-human/utils/parseCronExpression.ts, dynamic import will not move module into another chunk.
#38 259.8 [39m
#38 260.6 [33m[plugin vite:reporter] 
#38 260.6 (!) /app/node_modules/date-fns/esm/locale/en-US/index.js is dynamically imported by /app/packages/twenty-front/src/modules/ui/field/display/utils/getDateFnsLocale.ts, /app/packages/twenty-front/src/modules/ui/field/display/utils/getDateFnsLocale.ts but also statically imported by /app/node_modules/date-fns/esm/_lib/defaultLocale/index.js, /app/node_modules/date-fns/esm/locale/index.js, /app/packages/twenty-front/src/modules/localization/utils/formatTimeZoneLabel.ts, dynamic import will not move module into another chunk.
#38 260.6 [39m
#38 265.5 computing gzip size...
#38 270.4 [2mbuild/[22m[32mindex.html                                                         [39m[1m[2m    2.48 kB[22m[1m[22m[2m │ gzip:     0.93 kB[22m
#38 270.4 [2mbuild/[22m[2massets/[22m[32minter-v12-latin-100-BQDzDElq.woff2                          [39m[1m[2m   16.55 kB[22m[1m[22m
#38 270.4 [2mbuild/[22m[2massets/[22m[32minter-v12-latin-regular-YtgfLPRn.woff2                      [39m[1m[2m   16.71 kB[22m[1m[22m
#38 270.4 [2mbuild/[22m[2massets/[22m[32minter-v12-latin-900-CMga-52B.woff2                          [39m[1m[2m   17.18 kB[22m[1m[22m
#38 270.4 [2mbuild/[22m[2massets/[22m[32minter-v12-latin-300-DEbyFmpd.woff2                          [39m[1m[2m   17.33 kB[22m[1m[22m
#38 270.4 [2mbuild/[22m[2massets/[22m[32minter-v12-latin-200-BxfrU12A.woff2                          [39m[1m[2m   17.34 kB[22m[1m[22m
#38 270.4 [2mbuild/[22m[2massets/[22m[32minter-v12-latin-500-DfX5FI9E.woff2                          [39m[1m[2m   17.55 kB[22m[1m[22m
#38 270.4 [2mbuild/[22m[2massets/[22m[32minter-v12-latin-600-BvOeHRLc.woff2                          [39m[1m[2m   17.66 kB[22m[1m[22m
#38 270.4 [2mbuild/[22m[2massets/[22m[32minter-v12-latin-800-Bdy4lAMa.woff2                          [39m[1m[2m   17.76 kB[22m[1m[22m
#38 270.4 [2mbuild/[22m[2massets/[22m[32minter-v12-latin-700-Bj1B9WKG.woff2                          [39m[1m[2m   17.78 kB[22m[1m[22m
#38 270.4 [2mbuild/[22m[2massets/[22m[32minter-v12-latin-100-46Mq0mOp.woff                           [39m[1m[2m   21.24 kB[22m[1m[22m
#38 270.4 [2mbuild/[22m[2massets/[22m[32minter-v12-latin-regular-CahmJf_6.woff                       [39m[1m[2m   21.42 kB[22m[1m[22m
#38 270.4 [2mbuild/[22m[2massets/[22m[32minter-v12-latin-900-ORHAl5ZU.woff                           [39m[1m[2m   21.98 kB[22m[1m[22m
#38 270.4 [2mbuild/[22m[2massets/[22m[32minter-v12-latin-300-f7r92Nkj.woff                           [39m[1m[2m   22.16 kB[22m[1m[22m
#38 270.4 [2mbuild/[22m[2massets/[22m[32minter-v12-latin-200-DXfqWPZg.woff                           [39m[1m[2m   22.24 kB[22m[1m[22m
#38 270.4 [2mbuild/[22m[2massets/[22m[32minter-v12-latin-500-BQ2gQN_M.woff                           [39m[1m[2m   22.52 kB[22m[1m[22m
#38 270.4 [2mbuild/[22m[2massets/[22m[32minter-v12-latin-600-D01NXWOK.woff                           [39m[1m[2m   22.64 kB[22m[1m[22m
#38 270.4 [2mbuild/[22m[2massets/[22m[32minter-v12-latin-700-B5TOIllR.woff                           [39m[1m[2m   22.68 kB[22m[1m[22m
#38 270.4 [2mbuild/[22m[2massets/[22m[32minter-v12-latin-800-DFVvDWwT.woff                           [39m[1m[2m   22.71 kB[22m[1m[22m
#38 270.4 [2mbuild/[22m[2massets/[22m[32mcover-dark-C8JQZqzH.png                                     [39m[1m[2m   76.49 kB[22m[1m[22m
#38 270.4 [2mbuild/[22m[2massets/[22m[32mcover-light-DdApNeZg.png                                    [39m[1m[2m   79.60 kB[22m[1m[22m
#38 270.4 [2mbuild/[22m[2massets/[22m[32mcodicon-DCmgc-ay.ttf                                        [39m[1m[2m   80.34 kB[22m[1m[22m
#38 270.4 [2mbuild/[22m[2massets/[22m[32mcover-light-DApvN4Qp.png                                    [39m[1m[2m  108.59 kB[22m[1m[22m
#38 270.4 [2mbuild/[22m[2massets/[22m[32mcover-dark-vRx2d3Wl.png                                     [39m[1m[2m  115.82 kB[22m[1m[22m
#38 270.4 [2mbuild/[22m[2massets/[22m[35mmoveArrayItem-D2E0-lW2.css                                  [39m[1m[2m    0.02 kB[22m[1m[22m[2m │ gzip:     0.04 kB[22m
#38 270.4 [2mbuild/[22m[2massets/[22m[35mgetProviderIcon-CexXAw3H.css                                [39m[1m[2m    0.03 kB[22m[1m[22m[2m │ gzip:     0.05 kB[22m
#38 270.4 [2mbuild/[22m[2massets/[22m[35mUsagePieChart-DJARSELt.css                                  [39m[1m[2m    0.04 kB[22m[1m[22m[2m │ gzip:     0.06 kB[22m
#38 270.4 [2mbuild/[22m[2massets/[22m[35mLightCopyIconButton-BMQSPvud.css                            [39m[1m[2m    0.04 kB[22m[1m[22m[2m │ gzip:     0.06 kB[22m
#38 270.4 [2mbuild/[22m[2massets/[22m[35mNavigationMenuItemSection-DR0ybeiN.css                      [39m[1m[2m    0.04 kB[22m[1m[22m[2m │ gzip:     0.06 kB[22m
#38 270.4 [2mbuild/[22m[2massets/[22m[35mSettingsAccountsCalendars-Cu-PUihD.css                      [39m[1m[2m    0.04 kB[22m[1m[22m[2m │ gzip:     0.06 kB[22m
#38 270.4 [2mbuild/[22m[2massets/[22m[35mSettingsAccountsEmails-BbTpM6sn.css                         [39m[1m[2m    0.05 kB[22m[1m[22m[2m │ gzip:     0.06 kB[22m
#38 270.4 [2mbuild/[22m[2massets/[22m[35mSortableTableHeader-Dh9TIany.css                            [39m[1m[2m    0.05 kB[22m[1m[22m[2m │ gzip:     0.06 kB[22m
#38 270.4 [2mbuild/[22m[2massets/[22m[35mcreateVirtualElementFromContainerOffset-Dmnc30Os.css        [39m[1m[2m    0.07 kB[22m[1m[22m[2m │ gzip:     0.08 kB[22m
#38 270.4 [2mbuild/[22m[2massets/[22m[35mSettingsOptionCardContentButton-DbgFzF63.css                [39m[1m[2m    0.08 kB[22m[1m[22m[2m │ gzip:     0.09 kB[22m
#38 270.4 [2mbuild/[22m[2massets/[22m[35mSettingsObjectFieldEdit-Bd6VcmAv.css                        [39m[1m[2m    0.11 kB[22m[1m[22m[2m │ gzip:     0.09 kB[22m
#38 270.4 [2mbuild/[22m[2massets/[22m[35mSettingsUsage-CU6_7rAK.css                                  [39m[1m[2m    0.12 kB[22m[1m[22m[2m │ gzip:     0.12 kB[22m
#38 270.4 [2mbuild/[22m[2massets/[22m[35mWorkflowReadonlyActionCode-C9sqQTu9.css                     [39m[1m[2m    0.16 kB[22m[1m[22m[2m │ gzip:     0.09 kB[22m
#38 270.4 [2mbuild/[22m[2massets/[22m[35mSettingsSubdomainPage-BZ7AONr-.css                          [39m[1m[2m    0.18 kB[22m[1m[22m[2m │ gzip:     0.10 kB[22m
#38 270.4 [2mbuild/[22m[2massets/[22m[35mSettingsAccountsListEmptyStateCard-eS2OTvLj.css             [39m[1m[2m    0.19 kB[22m[1m[22m[2m │ gzip:     0.11 kB[22m
#38 270.4 [2mbuild/[22m[2massets/[22m[35mFieldRichTextWidget-DRTXV-t7.css                            [39m[1m[2m    0.20 kB[22m[1m[22m[2m │ gzip:     0.12 kB[22m
#38 270.4 [2mbuild/[22m[2massets/[22m[35mSettingsExperience-4gN0wEjb.css                             [39m[1m[2m    0.20 kB[22m[1m[22m[2m │ gzip:     0.12 kB[22m
#38 270.4 [2mbuild/[22m[2massets/[22m[35mSettingsOptionCardContentSelect-DsZA3pxu.css                [39m[1m[2m    0.20 kB[22m[1m[22m[2m │ gzip:     0.14 kB[22m
#38 270.4 [2mbuild/[22m[2massets/[22m[35mSettingsWorkspace-ZqJyTcS-.css                              [39m[1m[2m    0.20 kB[22m[1m[22m[2m │ gzip:     0.13 kB[22m
#38 270.4 [2mbuild/[22m[2massets/[22m[35mTableBody-C4JFguoL.css                                      [39m[1m[2m    0.20 kB[22m[1m[22m[2m │ gzip:     0.13 kB[22m
#38 270.4 [2mbuild/[22m[2massets/[22m[35mSelectableListItem-DLs7ziwL.css                             [39m[1m[2m    0.21 kB[22m[1m[22m[2m │ gzip:     0.13 kB[22m
#38 270.4 [2mbuild/[22m[2massets/[22m[35mSettingsAccountsCalendarChannelDetails-B_PVu52H.css         [39m[1m[2m    0.22 kB[22m[1m[22m[2m │ gzip:     0.13 kB[22m
#38 270.4 [2mbuild/[22m[2massets/[22m[35mApiKeyInput-B89CMGgZ.css                                    [39m[1m[2m    0.23 kB[22m[1m[22m[2m │ gzip:     0.14 kB[22m
#38 270.4 [2mbuild/[22m[2massets/[22m[35mTimeZoneAbbreviation-7LJpL1Uw.css                           [39m[1m[2m    0.25 kB[22m[1m[22m[2m │ gzip:     0.15 kB[22m
#38 270.4 [2mbuild/[22m[2massets/[22m[35mSettingsItemTypeTag-Cb4r1Q8Q.css                            [39m[1m[2m    0.27 kB[22m[1m[22m[2m │ gzip:     0.15 kB[22m
#38 270.4 [2mbuild/[22m[2massets/[22m[35mPaymentSuccess-40iDI__V.css                                 [39m[1m[2m    0.27 kB[22m[1m[22m[2m │ gzip:     0.13 kB[22m
#38 270.4 [2mbuild/[22m[2massets/[22m[35mSettingsAccountsEditImapSmtpCaldavConnection-8bYRdL6z.css   [39m[1m[2m    0.29 kB[22m[1m[22m[2m │ gzip:     0.14 kB[22m
#38 270.4 [2mbuild/[22m[2massets/[22m[35mSignInBackgroundMockPage-Bdv_wjot.css                       [39m[1m[2m    0.29 kB[22m[1m[22m[2m │ gzip:     0.14 kB[22m
#38 270.4 [2mbuild/[22m[2massets/[22m[35mWidgetSkeletonLoader-SruvHzkH.css                           [39m[1m[2m    0.30 kB[22m[1m[22m[2m │ gzip:     0.15 kB[22m
#38 270.4 [2mbuild/[22m[2massets/[22m[35mCreateProfile-CavdNW-c.css                                  [39m[1m[2m    0.31 kB[22m[1m[22m[2m │ gzip:     0.17 kB[22m
#38 270.4 [2mbuild/[22m[2massets/[22m[35mSettingsUpdates-BH3JmUdL.css                                [39m[1m[2m    0.35 kB[22m[1m[22m[2m │ gzip:     0.22 kB[22m
#38 270.4 [2mbuild/[22m[2massets/[22m[35mSettingsCustomDomainPage-BjLeE7wV.css                       [39m[1m[2m    0.35 kB[22m[1m[22m[2m │ gzip:     0.19 kB[22m
#38 270.4 [2mbuild/[22m[2massets/[22m[35mFullScreenContainer-BPYLwkkT.css                            [39m[1m[2m    0.38 kB[22m[1m[22m[2m │ gzip:     0.20 kB[22m
#38 270.4 [2mbuild/[22m[2massets/[22m[35mSubscriptionInfoContainer-BD-VwmUi.css                      [39m[1m[2m    0.38 kB[22m[1m[22m[2m │ gzip:     0.20 kB[22m
#38 270.4 [2mbuild/[22m[2massets/[22m[35mGraphWidgetLineChart-BcXRkWcs.css                           [39m[1m[2m    0.38 kB[22m[1m[22m[2m │ gzip:     0.16 kB[22m
#38 270.4 [2mbuild/[22m[2massets/[22m[35mSettingsDomains-DiX71lST.css                                [39m[1m[2m    0.39 kB[22m[1m[22m[2m │ gzip:     0.19 kB[22m
#38 270.4 [2mbuild/[22m[2massets/[22m[35mSettingsBillingLabelValueItem-DKBqg8tK.css                  [39m[1m[2m    0.40 kB[22m[1m[22m[2m │ gzip:     0.19 kB[22m
#38 270.4 [2mbuild/[22m[2massets/[22m[35mSettingsOptionCardContentCounter-vAut2Xvw.css               [39m[1m[2m    0.40 kB[22m[1m[22m[2m │ gzip:     0.20 kB[22m
#38 270.4 [2mbuild/[22m[2massets/[22m[35mWorkspaceSectionListDndKit-C38rHHGv.css                     [39m[1m[2m    0.41 kB[22m[1m[22m[2m │ gzip:     0.15 kB[22m
#38 270.4 [2mbuild/[22m[2massets/[22m[35mSettingsAIPrompts-B9vLhIL-.css                              [39m[1m[2m    0.42 kB[22m[1m[22m[2m │ gzip:     0.22 kB[22m
#38 270.4 [2mbuild/[22m[2massets/[22m[35mFavoritesSectionDispatcher-B7lJJq_f.css                     [39m[1m[2m    0.43 kB[22m[1m[22m[2m │ gzip:     0.16 kB[22m
#38 270.4 [2mbuild/[22m[2massets/[22m[35mTitleInput-AaL-mSVo.css                                     [39m[1m[2m    0.45 kB[22m[1m[22m[2m │ gzip:     0.24 kB[22m
#38 270.4 [2mbuild/[22m[2massets/[22m[35mNavigationItemDropTarget-BsZ8T_HI.css                       [39m[1m[2m    0.50 kB[22m[1m[22m[2m │ gzip:     0.26 kB[22m
#38 270.4 [2mbuild/[22m[2massets/[22m[35mStyledDropdownButtonContainer-B1DwuytF.css                  [39m[1m[2m    0.50 kB[22m[1m[22m[2m │ gzip:     0.22 kB[22m
#38 270.4 [2mbuild/[22m[2massets/[22m[35mNavigationMenuItemFolderDnd-5zVXJRbU.css                    [39m[1m[2m    0.53 kB[22m[1m[22m[2m │ gzip:     0.24 kB[22m
#38 270.4 [2mbuild/[22m[2massets/[22m[35mSettingsAdminVersionDisplay-B50TLCpO.css                    [39m[1m[2m    0.54 kB[22m[1m[22m[2m │ gzip:     0.22 kB[22m
#38 270.4 [2mbuild/[22m[2massets/[22m[35mDropdownMenuSectionLabel-d6FW-YEL.css                       [39m[1m[2m    0.55 kB[22m[1m[22m[2m │ gzip:     0.25 kB[22m
#38 270.4 [2mbuild/[22m[2massets/[22m[35mSettingsOptionIconCustomizer-BBwuU0Uq.css                   [39m[1m[2m    0.56 kB[22m[1m[22m[2m │ gzip:     0.18 kB[22m
#38 270.4 [2mbuild/[22m[2massets/[22m[35mNotFound-D23AGby_.css                                       [39m[1m[2m    0.57 kB[22m[1m[22m[2m │ gzip:     0.25 kB[22m
#38 270.4 [2mbuild/[22m[2massets/[22m[35mSubscriptionBenefit-Bzwvrzcf.css                            [39m[1m[2m    0.58 kB[22m[1m[22m[2m │ gzip:     0.24 kB[22m
#38 270.4 [2mbuild/[22m[2massets/[22m[35mSettingsAdminNewAiModel-C2TnhmPO.css                        [39m[1m[2m    0.58 kB[22m[1m[22m[2m │ gzip:     0.20 kB[22m
#38 270.4 [2mbuild/[22m[2massets/[22m[35mSettingsDevelopersApiKeyDetail-BihcsE_6.css                 [39m[1m[2m    0.59 kB[22m[1m[22m[2m │ gzip:     0.23 kB[22m
#38 270.4 [2mbuild/[22m[2massets/[22m[35mSettingsUsageUserDetail-AJMipFhg.css                        [39m[1m[2m    0.63 kB[22m[1m[22m[2m │ gzip:     0.26 kB[22m
#38 270.4 [2mbuild/[22m[2massets/[22m[35mSubscriptionInfoRowContainer-Xg9oI5aW.css                   [39m[1m[2m    0.64 kB[22m[1m[22m[2m │ gzip:     0.26 kB[22m
#38 270.4 [2mbuild/[22m[2massets/[22m[35mGraphWidgetGaugeChart-BLupeU-Q.css                          [39m[1m[2m    0.64 kB[22m[1m[22m[2m │ gzip:     0.25 kB[22m
#38 270.4 [2mbuild/[22m[2massets/[22m[35mSyncEmails-BruFoOTg.css                                     [39m[1m[2m    0.65 kB[22m[1m[22m[2m │ gzip:     0.20 kB[22m
#38 270.4 [2mbuild/[22m[2massets/[22m[35mSettingsAgentTurnDetail-qRHsjMaI.css                        [39m[1m[2m    0.65 kB[22m[1m[22m[2m │ gzip:     0.25 kB[22m
#38 270.4 [2mbuild/[22m[2massets/[22m[35mWorkflowEditActionCode-BWW56Aof.css                         [39m[1m[2m    0.66 kB[22m[1m[22m[2m │ gzip:     0.25 kB[22m
#38 270.4 [2mbuild/[22m[2massets/[22m[35mSettingsRestPlayground-CR-duOEX.css                         [39m[1m[2m    0.67 kB[22m[1m[22m[2m │ gzip:     0.28 kB[22m
#38 270.4 [2mbuild/[22m[2massets/[22m[35mInviteTeam-tBs4lMWb.css                                     [39m[1m[2m    0.68 kB[22m[1m[22m[2m │ gzip:     0.23 kB[22m
#38 270.4 [2mbuild/[22m[2massets/[22m[35mWorkspaceSectionDispatcher-SDheB5jV.css                     [39m[1m[2m    0.68 kB[22m[1m[22m[2m │ gzip:     0.21 kB[22m
#38 270.4 [2mbuild/[22m[2massets/[22m[35mExpandedFieldDisplay-cG7l0aOq.css                           [39m[1m[2m    0.69 kB[22m[1m[22m[2m │ gzip:     0.28 kB[22m
#38 270.4 [2mbuild/[22m[2massets/[22m[35mWorkflowStepExecutionResult-ChU1jud3.css                    [39m[1m[2m    0.71 kB[22m[1m[22m[2m │ gzip:     0.24 kB[22m
#38 270.4 [2mbuild/[22m[2massets/[22m[35mPermissionIcon-RRfAcBfg.css                                 [39m[1m[2m    0.73 kB[22m[1m[22m[2m │ gzip:     0.23 kB[22m
#38 270.4 [2mbuild/[22m[2massets/[22m[35mRecordShowPage-DzFXhtp_.css                                 [39m[1m[2m    0.75 kB[22m[1m[22m[2m │ gzip:     0.24 kB[22m
#38 270.4 [2mbuild/[22m[2massets/[22m[35mCreateWorkspace-Dqkimn2-.css                                [39m[1m[2m    0.75 kB[22m[1m[22m[2m │ gzip:     0.22 kB[22m
#38 270.4 [2mbuild/[22m[2massets/[22m[35mAiProviderSource-BS-jLdCF.css                               [39m[1m[2m    0.76 kB[22m[1m[22m[2m │ gzip:     0.30 kB[22m
#38 270.4 [2mbuild/[22m[2massets/[22m[35mGraphWidgetAggregateChart-DjttGdFk.css                      [39m[1m[2m    0.78 kB[22m[1m[22m[2m │ gzip:     0.27 kB[22m
#38 270.4 [2mbuild/[22m[2massets/[22m[35mSettingsBilling-DBUPd91g.css                                [39m[1m[2m    0.78 kB[22m[1m[22m[2m │ gzip:     0.25 kB[22m
#38 270.4 [2mbuild/[22m[2massets/[22m[35mBookCallDecision-DkYcZTIs.css                               [39m[1m[2m    0.80 kB[22m[1m[22m[2m │ gzip:     0.27 kB[22m
#38 270.4 [2mbuild/[22m[2massets/[22m[35mGraphWidgetBarChart-Wmytr5lO.css                            [39m[1m[2m    0.80 kB[22m[1m[22m[2m │ gzip:     0.29 kB[22m
#38 270.4 [2mbuild/[22m[2massets/[22m[35mSettingsRoleAddObjectLevel-BdJfwMtO.css                     [39m[1m[2m    0.80 kB[22m[1m[22m[2m │ gzip:     0.33 kB[22m
#38 270.4 [2mbuild/[22m[2massets/[22m[35mPasswordReset-Bl_l9Z1v.css                                  [39m[1m[2m    0.82 kB[22m[1m[22m[2m │ gzip:     0.25 kB[22m
#38 270.4 [2mbuild/[22m[2massets/[22m[35mLogo-CaKvbQPg.css                                           [39m[1m[2m    0.83 kB[22m[1m[22m[2m │ gzip:     0.32 kB[22m
#38 270.4 [2mbuild/[22m[2massets/[22m[35mSettingsObjectFieldDataType-BEkp-zXq.css                    [39m[1m[2m    0.83 kB[22m[1m[22m[2m │ gzip:     0.33 kB[22m
#38 270.4 [2mbuild/[22m[2massets/[22m[35mSettingsOptionCardContentToggle-BguFQiaK.css                [39m[1m[2m    0.86 kB[22m[1m[22m[2m │ gzip:     0.33 kB[22m
#38 270.4 [2mbuild/[22m[2massets/[22m[35mSettingsWorkspaceMember-Dm07eHcW.css                        [39m[1m[2m    0.90 kB[22m[1m[22m[2m │ gzip:     0.31 kB[22m
#38 270.4 [2mbuild/[22m[2massets/[22m[35museImapSmtpCaldavConnectionForm-w8Trd0GP.css                [39m[1m[2m    0.94 kB[22m[1m[22m[2m │ gzip:     0.30 kB[22m
#38 270.4 [2mbuild/[22m[2massets/[22m[35mTabList-CzaxdYsn.css                                        [39m[1m[2m    0.96 kB[22m[1m[22m[2m │ gzip:     0.34 kB[22m
#38 270.4 [2mbuild/[22m[2massets/[22m[35mIconPicker-Dt9Zim6w.css                                     [39m[1m[2m    1.00 kB[22m[1m[22m[2m │ gzip:     0.30 kB[22m
#38 270.4 [2mbuild/[22m[2massets/[22m[35mCronExpressionHelper-BY---1-c.css                           [39m[1m[2m    1.03 kB[22m[1m[22m[2m │ gzip:     0.32 kB[22m
#38 270.4 [2mbuild/[22m[2massets/[22m[35mSettingsAdminConfigVariableDetails-DOccvrBz.css             [39m[1m[2m    1.04 kB[22m[1m[22m[2m │ gzip:     0.34 kB[22m
#38 270.4 [2mbuild/[22m[2massets/[22m[35mSettingsSkillForm-DmYXxzdD.css                              [39m[1m[2m    1.05 kB[22m[1m[22m[2m │ gzip:     0.32 kB[22m
#38 270.4 [2mbuild/[22m[2massets/[22m[35mSettingsLogicFunctionDetail-Cx34Ux3g.css                    [39m[1m[2m    1.06 kB[22m[1m[22m[2m │ gzip:     0.36 kB[22m
#38 270.4 [2mbuild/[22m[2massets/[22m[35mSelect-CCSyOG0-.css                                         [39m[1m[2m    1.08 kB[22m[1m[22m[2m │ gzip:     0.41 kB[22m
#38 270.4 [2mbuild/[22m[2massets/[22m[35mSettingsSecurity-C_Tjdopb.css                               [39m[1m[2m    1.09 kB[22m[1m[22m[2m │ gzip:     0.32 kB[22m
#38 270.4 [2mbuild/[22m[2massets/[22m[35mSettingsApplicationPermissionsTab-Dnqb3arn.css              [39m[1m[2m    1.12 kB[22m[1m[22m[2m │ gzip:     0.42 kB[22m
#38 270.4 [2mbuild/[22m[2massets/[22m[35mSettingsProfile-BwuKRg1W.css                                [39m[1m[2m    1.17 kB[22m[1m[22m[2m │ gzip:     0.31 kB[22m
#38 270.4 [2mbuild/[22m[2massets/[22m[35mSettingsObjects-DitmqKm1.css                                [39m[1m[2m    1.24 kB[22m[1m[22m[2m │ gzip:     0.45 kB[22m
#38 270.4 [2mbuild/[22m[2massets/[22m[35mSettingsApplicationDetails-CFZR_GXv.css                     [39m[1m[2m    1.24 kB[22m[1m[22m[2m │ gzip:     0.36 kB[22m
#38 270.4 [2mbuild/[22m[2massets/[22m[35mSettingsDatabaseEventsForm-BfGUyLK1.css                     [39m[1m[2m    1.26 kB[22m[1m[22m[2m │ gzip:     0.43 kB[22m
#38 270.4 [2mbuild/[22m[2massets/[22m[35mSettingsAdmin-BF-nvGZv.css                                  [39m[1m[2m    1.27 kB[22m[1m[22m[2m │ gzip:     0.43 kB[22m
#38 270.4 [2mbuild/[22m[2massets/[22m[35mSettingsCardContentBase-B2csr-iZ.css                        [39m[1m[2m    1.28 kB[22m[1m[22m[2m │ gzip:     0.44 kB[22m
#38 270.4 [2mbuild/[22m[2massets/[22m[35mSettingsApplications-Cf5l-SgE.css                           [39m[1m[2m    1.31 kB[22m[1m[22m[2m │ gzip:     0.53 kB[22m
#38 270.4 [2mbuild/[22m[2massets/[22m[35mTextArea-2oZc4jch.css                                       [39m[1m[2m    1.37 kB[22m[1m[22m[2m │ gzip:     0.43 kB[22m
#38 270.4 [2mbuild/[22m[2massets/[22m[35mSettingsRoles-NyN0UgW6.css                                  [39m[1m[2m    1.39 kB[22m[1m[22m[2m │ gzip:     0.40 kB[22m
#38 270.4 [2mbuild/[22m[2massets/[22m[35mSettingsAccounts-Mqso9fmH.css                               [39m[1m[2m    1.44 kB[22m[1m[22m[2m │ gzip:     0.43 kB[22m
#38 270.4 [2mbuild/[22m[2massets/[22m[35mMultiSelectDisplay-B6T82ufb.css                             [39m[1m[2m    1.44 kB[22m[1m[22m[2m │ gzip:     0.39 kB[22m
#38 270.4 [2mbuild/[22m[2massets/[22m[35mGraphWidgetPieChart-DJaN_L_x.css                            [39m[1m[2m    1.46 kB[22m[1m[22m[2m │ gzip:     0.44 kB[22m
#38 270.4 [2mbuild/[22m[2massets/[22m[35mSettingsObjectNewFieldSelect-HuFa_PMp.css                   [39m[1m[2m    1.50 kB[22m[1m[22m[2m │ gzip:     0.45 kB[22m
#38 270.4 [2mbuild/[22m[2massets/[22m[35mSettingsCard-CkuJy61M.css                                   [39m[1m[2m    1.52 kB[22m[1m[22m[2m │ gzip:     0.41 kB[22m
#38 270.4 [2mbuild/[22m[2massets/[22m[35mImageInput-CkwtV6IB.css                                     [39m[1m[2m    1.59 kB[22m[1m[22m[2m │ gzip:     0.48 kB[22m
#38 270.4 [2mbuild/[22m[2massets/[22m[35mSettingsAdminIndicatorHealthStatus-ByuM1i1G.css             [39m[1m[2m    1.61 kB[22m[1m[22m[2m │ gzip:     0.41 kB[22m
#38 270.4 [2mbuild/[22m[2massets/[22m[35mSettingsAccountsVisibilityIcon-2UThDaLj.css                 [39m[1m[2m    1.63 kB[22m[1m[22m[2m │ gzip:     0.49 kB[22m
#38 270.4 [2mbuild/[22m[2massets/[22m[35mSettingsDataModelFieldPreviewWidget-BMrCPDFb.css            [39m[1m[2m    1.74 kB[22m[1m[22m[2m │ gzip:     0.50 kB[22m
#38 270.4 [2mbuild/[22m[2massets/[22m[35msettingsDataModelObjectAboutFormSchema-BJu6S4wI.css         [39m[1m[2m    1.74 kB[22m[1m[22m[2m │ gzip:     0.44 kB[22m
#38 270.4 [2mbuild/[22m[2massets/[22m[35mSortOrFilterChip-CLGeZR23.css                               [39m[1m[2m    1.78 kB[22m[1m[22m[2m │ gzip:     0.47 kB[22m
#38 270.4 [2mbuild/[22m[2massets/[22m[35mInputHint-B4Y4jvVU.css                                      [39m[1m[2m    1.85 kB[22m[1m[22m[2m │ gzip:     0.55 kB[22m
#38 270.4 [2mbuild/[22m[2massets/[22m[35mSettingsListCard-BUieinww.css                               [39m[1m[2m    1.87 kB[22m[1m[22m[2m │ gzip:     0.50 kB[22m
#38 270.4 [2mbuild/[22m[2massets/[22m[35mSettingsAdminWorkerMetricsGraph-Ca_EmY0S.css                [39m[1m[2m    1.87 kB[22m[1m[22m[2m │ gzip:     0.49 kB[22m
#38 270.4 [2mbuild/[22m[2massets/[22m[35mSettingsApiWebhooks-YgvHIAn-.css                            [39m[1m[2m    1.94 kB[22m[1m[22m[2m │ gzip:     0.57 kB[22m
#38 270.4 [2mbuild/[22m[2massets/[22m[35mAuthorize-CCQ_bqyE.css                                      [39m[1m[2m    1.95 kB[22m[1m[22m[2m │ gzip:     0.52 kB[22m
#38 270.4 [2mbuild/[22m[2massets/[22m[35mSettingsAgentForm-DoAE0JON.css                              [39m[1m[2m    2.01 kB[22m[1m[22m[2m │ gzip:     0.41 kB[22m
#38 270.4 [2mbuild/[22m[2massets/[22m[35mSettingsRolePermissions-D4IXAmGj.css                        [39m[1m[2m    2.18 kB[22m[1m[22m[2m │ gzip:     0.48 kB[22m
#38 270.4 [2mbuild/[22m[2massets/[22m[35mSettingsEnterprise-CoetP59x.css                             [39m[1m[2m    2.24 kB[22m[1m[22m[2m │ gzip:     0.55 kB[22m
#38 270.4 [2mbuild/[22m[2massets/[22m[35mSettingsWorkspaceMembers-DQXnwRkZ.css                       [39m[1m[2m    2.34 kB[22m[1m[22m[2m │ gzip:     0.57 kB[22m
#38 270.4 [2mbuild/[22m[2massets/[22m[35mFormTextFieldInput-BtIbnRse.css                             [39m[1m[2m    2.34 kB[22m[1m[22m[2m │ gzip:     0.70 kB[22m
#38 270.4 [2mbuild/[22m[2massets/[22m[35mSettingsApplicationRegistrationDetails-Dvu8mXmw.css         [39m[1m[2m    2.39 kB[22m[1m[22m[2m │ gzip:     0.54 kB[22m
#38 270.4 [2mbuild/[22m[2massets/[22m[35mSettingsAdminQueueDetail-DV2EpwJE.css                       [39m[1m[2m    2.49 kB[22m[1m[22m[2m │ gzip:     0.55 kB[22m
#38 270.4 [2mbuild/[22m[2massets/[22m[35mSettingsSecuritySSOIdentifyProvider-B9G8d-dF.css            [39m[1m[2m    2.76 kB[22m[1m[22m[2m │ gzip:     0.60 kB[22m
#38 270.4 [2mbuild/[22m[2massets/[22m[35mChooseYourPlan-GIncntKs.css                                 [39m[1m[2m    2.81 kB[22m[1m[22m[2m │ gzip:     0.55 kB[22m
#38 270.4 [2mbuild/[22m[2massets/[22m[35mSettingsRole-B0lRBS_9.css                                   [39m[1m[2m    2.81 kB[22m[1m[22m[2m │ gzip:     0.70 kB[22m
#38 270.4 [2mbuild/[22m[2massets/[22m[35mSettingsAI-BN9a9UkG.css                                     [39m[1m[2m    3.05 kB[22m[1m[22m[2m │ gzip:     0.66 kB[22m
#38 270.4 [2mbuild/[22m[2massets/[22m[35mRichTextFieldEditor-tvGmQgRc.css                            [39m[1m[2m    3.33 kB[22m[1m[22m[2m │ gzip:     0.92 kB[22m
#38 270.4 [2mbuild/[22m[2massets/[22m[35mSettingsTwoFactorAuthenticationMethod-DfVCrIJ-.css          [39m[1m[2m    3.38 kB[22m[1m[22m[2m │ gzip:     0.84 kB[22m
#38 270.4 [2mbuild/[22m[2massets/[22m[35museGetDefaultFieldMetadataItemForFilter-ESTlH7eN.css        [39m[1m[2m    3.39 kB[22m[1m[22m[2m │ gzip:     0.73 kB[22m
#38 270.4 [2mbuild/[22m[2massets/[22m[35mSettingsAgentModelCapabilities-2n26By4i.css                 [39m[1m[2m    3.44 kB[22m[1m[22m[2m │ gzip:     0.65 kB[22m
#38 270.4 [2mbuild/[22m[2massets/[22m[35mSettingsEventLogs-C3U5yVPW.css                              [39m[1m[2m    3.60 kB[22m[1m[22m[2m │ gzip:     0.89 kB[22m
#38 270.4 [2mbuild/[22m[2massets/[22m[35mSettingsObjectOverview-ClbxQXCg.css                         [39m[1m[2m    3.60 kB[22m[1m[22m[2m │ gzip:     0.76 kB[22m
#38 270.4 [2mbuild/[22m[2massets/[22m[35mSettingsObjectDetailPage-ntyi82lI.css                       [39m[1m[2m    3.75 kB[22m[1m[22m[2m │ gzip:     0.76 kB[22m
#38 270.4 [2mbuild/[22m[2massets/[22m[35mFormFieldInput-C7ep1rGe.css                                 [39m[1m[2m    4.19 kB[22m[1m[22m[2m │ gzip:     0.79 kB[22m
#38 270.4 [2mbuild/[22m[2massets/[22m[35mRecordFieldComponentInstanceContext-BYrWRpUV.css            [39m[1m[2m    4.23 kB[22m[1m[22m[2m │ gzip:     0.65 kB[22m
#38 270.4 [2mbuild/[22m[2massets/[22m[35mStandaloneRichTextWidget-B6iWfl73.css                       [39m[1m[2m    4.48 kB[22m[1m[22m[2m │ gzip:     1.16 kB[22m
#38 270.4 [2mbuild/[22m[2massets/[22m[35mgetColorScheme-Dqg2Opj8.css                                 [39m[1m[2m    4.90 kB[22m[1m[22m[2m │ gzip:     1.00 kB[22m
#38 270.4 [2mbuild/[22m[2massets/[22m[35mFormAdvancedTextFieldInput-cV1zAbBl.css                     [39m[1m[2m    5.01 kB[22m[1m[22m[2m │ gzip:     1.19 kB[22m
#38 270.4 [2mbuild/[22m[2massets/[22m[35mSettingsAvailableApplicationDetails-BxMGZwhZ.css            [39m[1m[2m    5.44 kB[22m[1m[22m[2m │ gzip:     0.93 kB[22m
#38 270.4 [2mbuild/[22m[2massets/[22m[35msettingsFieldFormSchema-DwpdarjK.css                        [39m[1m[2m    6.17 kB[22m[1m[22m[2m │ gzip:     1.09 kB[22m
#38 270.4 [2mbuild/[22m[2massets/[22m[35mSettingsAccountsMessageChannelDetails-B1Zx7Vo6.css          [39m[1m[2m    7.15 kB[22m[1m[22m[2m │ gzip:     1.20 kB[22m
#38 270.4 [2mbuild/[22m[2massets/[22m[35mSettingsRoleObjectLevel-SfQdViBB.css                        [39m[1m[2m    7.53 kB[22m[1m[22m[2m │ gzip:     1.28 kB[22m
#38 270.4 [2mbuild/[22m[2massets/[22m[35mSignInUp-BmwgUiDm.css                                       [39m[1m[2m    9.47 kB[22m[1m[22m[2m │ gzip:     1.51 kB[22m
#38 270.4 [2mbuild/[22m[2massets/[22m[35mDocumentViewer-DXRii64Y.css                                 [39m[1m[2m   10.95 kB[22m[1m[22m[2m │ gzip:     2.40 kB[22m
#38 270.4 [2mbuild/[22m[2massets/[22m[35museSetAdvancedFilterDropdownAllRowsStates-BjCvzGnC.css      [39m[1m[2m   12.82 kB[22m[1m[22m[2m │ gzip:     2.06 kB[22m
#38 270.4 [2mbuild/[22m[2massets/[22m[35mstyle-BZV40eAE.css                                          [39m[1m[2m   15.85 kB[22m[1m[22m[2m │ gzip:     2.66 kB[22m
#38 270.4 [2mbuild/[22m[2massets/[22m[35mSpreadsheetImport-C2WJzfXs.css                              [39m[1m[2m   18.02 kB[22m[1m[22m[2m │ gzip:     2.41 kB[22m
#38 270.4 [2mbuild/[22m[2massets/[22m[35mRecordIndexPage-BKGPsus5.css                                [39m[1m[2m   20.06 kB[22m[1m[22m[2m │ gzip:     2.90 kB[22m
#38 270.4 [2mbuild/[22m[2massets/[22m[35mAIChatAssistantMessageRenderer-C9N9tk-k.css                 [39m[1m[2m   23.65 kB[22m[1m[22m[2m │ gzip:     3.02 kB[22m
#38 270.4 [2mbuild/[22m[2massets/[22m[35mDateTimePicker-Wh2BH6h-.css                                 [39m[1m[2m   37.65 kB[22m[1m[22m[2m │ gzip:     4.76 kB[22m
#38 270.4 [2mbuild/[22m[2massets/[22m[35mViewBar-CqlvpyMe.css                                        [39m[1m[2m   67.96 kB[22m[1m[22m[2m │ gzip:     6.22 kB[22m
#38 270.4 [2mbuild/[22m[2massets/[22m[35mindex-D9qsmaaZ.css                                          [39m[1m[2m  132.79 kB[22m[1m[22m[2m │ gzip:    21.12 kB[22m
#38 270.4 [2mbuild/[22m[2massets/[22m[35mPageHeaderToggleSidePanelButton-uS41VCaP.css                [39m[1m[2m  136.83 kB[22m[1m[22m[2m │ gzip:    14.60 kB[22m
#38 270.4 [2mbuild/[22m[2massets/[22m[35mstyle-05tVxqP3.css                                          [39m[1m[2m  215.70 kB[22m[1m[22m[2m │ gzip:    34.29 kB[22m
#38 270.4 [2mbuild/[22m[2massets/[22m[35mindex-bhPJREYe.css                                          [39m[1m[2m  268.96 kB[22m[1m[22m[2m │ gzip:    71.27 kB[22m
#38 270.4 [2mbuild/[22m[2massets/[22m[35mSettingsGraphQLPlayground-ilk3gXNs.css                      [39m[1m[2m  410.25 kB[22m[1m[22m[2m │ gzip:   273.85 kB[22m
#38 270.4 [2mbuild/[22m[2massets/[22m[36mNeverExpireDeltaInYears-BAM5Jy2K.js                         [39m[1m[2m    0.03 kB[22m[1m[22m[2m │ gzip:     0.05 kB[22m
#38 270.4 [2mbuild/[22m[2massets/[22m[36mempty-GlqisfcO-CRMO4_-l.js                                  [39m[1m[2m    0.03 kB[22m[1m[22m[2m │ gzip:     0.05 kB[22m
#38 270.4 [2mbuild/[22m[2massets/[22m[36msortByAscString-CI-Fwybx.js                                 [39m[1m[2m    0.05 kB[22m[1m[22m[2m │ gzip:     0.07 kB[22m
#38 270.4 [2mbuild/[22m[2massets/[22m[36mZodNonEmptyString-YR5nCGIY.js                               [39m[1m[2m    0.08 kB[22m[1m[22m[2m │ gzip:     0.09 kB[22m
#38 270.4 [2mbuild/[22m[2massets/[22m[36mgetSettingsFieldTypeConfig-hYL4Vtbq.js                      [39m[1m[2m    0.09 kB[22m[1m[22m[2m │ gzip:     0.11 kB[22m
#38 270.4 [2mbuild/[22m[2massets/[22m[36mChartMotionConfig-7aoNn_ug.js                               [39m[1m[2m    0.10 kB[22m[1m[22m[2m │ gzip:     0.11 kB[22m
#38 270.4 [2mbuild/[22m[2massets/[22m[36mAiAdminPath-6sLXLcK1.js                                     [39m[1m[2m    0.10 kB[22m[1m[22m[2m │ gzip:     0.11 kB[22m
#38 270.4 [2mbuild/[22m[2massets/[22m[36mgetFileNameAndExtension-wejbKZ-N.js                         [39m[1m[2m    0.11 kB[22m[1m[22m[2m │ gzip:     0.12 kB[22m
#38 270.4 [2mbuild/[22m[2massets/[22m[36misCreatingActivityInDBState-73UDRYEt.js                     [39m[1m[2m    0.12 kB[22m[1m[22m[2m │ gzip:     0.13 kB[22m
#38 270.4 [2mbuild/[22m[2massets/[22m[36mAuthenticatedMethod.enum-DEeE-VHs.js                        [39m[1m[2m    0.12 kB[22m[1m[22m[2m │ gzip:     0.12 kB[22m
#38 270.4 [2mbuild/[22m[2massets/[22m[36maddMenuItemInsertionContextState-DBqFSSYh.js                [39m[1m[2m    0.12 kB[22m[1m[22m[2m │ gzip:     0.14 kB[22m
#38 270.4 [2mbuild/[22m[2massets/[22m[36mforEachState.es-DETpARGm.js                                 [39m[1m[2m    0.13 kB[22m[1m[22m[2m │ gzip:     0.13 kB[22m
#38 270.4 [2mbuild/[22m[2massets/[22m[36mTableBody-B73EFcfZ.js                                       [39m[1m[2m    0.13 kB[22m[1m[22m[2m │ gzip:     0.14 kB[22m
#38 270.4 [2mbuild/[22m[2massets/[22m[36misObjectMetadataAvailableForRelation-SYH1ZYj7.js            [39m[1m[2m    0.13 kB[22m[1m[22m[2m │ gzip:     0.14 kB[22m
#38 270.4 [2mbuild/[22m[2massets/[22m[36mguessSSOIdentityProviderIconByUrl-DVSUI4ni.js               [39m[1m[2m    0.14 kB[22m[1m[22m[2m │ gzip:     0.13 kB[22m
#38 270.4 [2mbuild/[22m[2massets/[22m[36mshouldNavigateBackToMemorizedUrlOnSaveState-DDOW5M1_.js     [39m[1m[2m    0.14 kB[22m[1m[22m[2m │ gzip:     0.15 kB[22m
#38 270.4 [2mbuild/[22m[2massets/[22m[36mAddToNavSourceDroppableId-CN4x87b3.js                       [39m[1m[2m    0.14 kB[22m[1m[22m[2m │ gzip:     0.14 kB[22m
#38 270.4 [2mbuild/[22m[2massets/[22m[36mSSOIdentitiesProvidersState-Dawwqtwn.js                     [39m[1m[2m    0.15 kB[22m[1m[22m[2m │ gzip:     0.15 kB[22m
#38 270.4 [2mbuild/[22m[2massets/[22m[36mSubscriptionInfoContainer-Cb9tUfjJ.js                       [39m[1m[2m    0.15 kB[22m[1m[22m[2m │ gzip:     0.15 kB[22m
#38 270.4 [2mbuild/[22m[2massets/[22m[36mSettingsFieldTypeConfigs-Bsteuhfv.js                        [39m[1m[2m    0.15 kB[22m[1m[22m[2m │ gzip:     0.14 kB[22m
#38 270.4 [2mbuild/[22m[2massets/[22m[36museFieldMetadataItemById-B0G1Gls3.js                        [39m[1m[2m    0.15 kB[22m[1m[22m[2m │ gzip:     0.15 kB[22m
#38 270.4 [2mbuild/[22m[2massets/[22m[36mindex-C-KI6CvO.js                                           [39m[1m[2m    0.15 kB[22m[1m[22m[2m │ gzip:     0.15 kB[22m
#38 270.4 [2mbuild/[22m[2massets/[22m[36mVisibilityHidden-BvgcpQXK-BhxSCiWC.js                       [39m[1m[2m    0.17 kB[22m[1m[22m[2m │ gzip:     0.16 kB[22m
#38 270.4 [2mbuild/[22m[2massets/[22m[36misObjectMetadataReadOnly-DMqwVbUL.js                        [39m[1m[2m    0.18 kB[22m[1m[22m[2m │ gzip:     0.17 kB[22m
#38 270.4 [2mbuild/[22m[2massets/[22m[36misNewerSemver-ClL8JkPf.js                                   [39m[1m[2m    0.18 kB[22m[1m[22m[2m │ gzip:     0.15 kB[22m
#38 270.4 [2mbuild/[22m[2massets/[22m[36mindex-D7jz-SLY.js                                           [39m[1m[2m    0.18 kB[22m[1m[22m[2m │ gzip:     0.17 kB[22m
#38 270.4 [2mbuild/[22m[2massets/[22m[36mgetLogicFunctionSourceCode-B3qpIWCd.js                      [39m[1m[2m    0.19 kB[22m[1m[22m[2m │ gzip:     0.15 kB[22m
#38 270.4 [2mbuild/[22m[2massets/[22m[36mDropdownMenuSectionLabel-Du4I_YhT.js                        [39m[1m[2m    0.19 kB[22m[1m[22m[2m │ gzip:     0.18 kB[22m
#38 270.4 [2mbuild/[22m[2massets/[22m[36museLabelIdentifierFieldMetadataItem-TBpsIJH8.js             [39m[1m[2m    0.20 kB[22m[1m[22m[2m │ gzip:     0.17 kB[22m
#38 270.4 [2mbuild/[22m[2massets/[22m[36museImpersonationAuth-CmyLfqxL.js                            [39m[1m[2m    0.20 kB[22m[1m[22m[2m │ gzip:     0.18 kB[22m
#38 270.4 [2mbuild/[22m[2massets/[22m[36mai-CMV8QpxQ.js                                              [39m[1m[2m    0.21 kB[22m[1m[22m[2m │ gzip:     0.18 kB[22m
#38 270.4 [2mbuild/[22m[2massets/[22m[36mPlaygroundSchemas-BQ88op1u.js                               [39m[1m[2m    0.21 kB[22m[1m[22m[2m │ gzip:     0.20 kB[22m
#38 270.4 [2mbuild/[22m[2massets/[22m[36mpasswordRegex-DwID9uXX.js                                   [39m[1m[2m    0.22 kB[22m[1m[22m[2m │ gzip:     0.19 kB[22m
#38 270.4 [2mbuild/[22m[2massets/[22m[36museSettingsAllRoles--fCNurHq.js                             [39m[1m[2m    0.22 kB[22m[1m[22m[2m │ gzip:     0.19 kB[22m
#38 270.4 [2mbuild/[22m[2massets/[22m[36mgetFieldMetadataTypeLabel-Dr50AZhH.js                       [39m[1m[2m    0.24 kB[22m[1m[22m[2m │ gzip:     0.20 kB[22m
#38 270.4 [2mbuild/[22m[2massets/[22m[36mmode-indent.es-Dvf_-b54.js                                  [39m[1m[2m    0.24 kB[22m[1m[22m[2m │ gzip:     0.20 kB[22m
#38 270.4 [2mbuild/[22m[2massets/[22m[36m_commonjs-dynamic-modules-TDtrdbi3.js                       [39m[1m[2m    0.24 kB[22m[1m[22m[2m │ gzip:     0.19 kB[22m
#38 270.4 [2mbuild/[22m[2massets/[22m[36mSettingsNewAccountSection-Dj1R7JOH.js                       [39m[1m[2m    0.26 kB[22m[1m[22m[2m │ gzip:     0.22 kB[22m
#38 270.4 [2mbuild/[22m[2massets/[22m[36mSettingsObjectItemTableRowStyledComponents-BN5tZzLN.js      [39m[1m[2m    0.29 kB[22m[1m[22m[2m │ gzip:     0.23 kB[22m
#38 270.4 [2mbuild/[22m[2massets/[22m[36mgetLinkToShowPage-C7UdquQ_.js                               [39m[1m[2m    0.29 kB[22m[1m[22m[2m │ gzip:     0.21 kB[22m
#38 270.4 [2mbuild/[22m[2massets/[22m[36museCreateWorkspaceInvitation-BOhBZqpb.js                    [39m[1m[2m    0.29 kB[22m[1m[22m[2m │ gzip:     0.24 kB[22m
#38 270.4 [2mbuild/[22m[2massets/[22m[36mSettingsAdminHealthStatusRightContainer-DmKqc1Lk.js         [39m[1m[2m    0.30 kB[22m[1m[22m[2m │ gzip:     0.23 kB[22m
#38 270.4 [2mbuild/[22m[2massets/[22m[36mnormalizeSearchText-Bxu0K0PS.js                             [39m[1m[2m    0.30 kB[22m[1m[22m[2m │ gzip:     0.20 kB[22m
#38 270.4 [2mbuild/[22m[2massets/[22m[36mopenNavigationMenuItemFolderIdsState-XbA4U1Vk.js            [39m[1m[2m    0.32 kB[22m[1m[22m[2m │ gzip:     0.23 kB[22m
#38 270.4 [2mbuild/[22m[2massets/[22m[36mViewLayoutContent.vue-a1_Zw7-1.js                           [39m[1m[2m    0.32 kB[22m[1m[22m[2m │ gzip:     0.24 kB[22m
#38 270.4 [2mbuild/[22m[2massets/[22m[36mNodeDimensionEffect-ldqiLm_1.js                             [39m[1m[2m    0.32 kB[22m[1m[22m[2m │ gzip:     0.25 kB[22m
#38 270.4 [2mbuild/[22m[2massets/[22m[36mgetDndKitDropTargetId-DtTxABl-.js                           [39m[1m[2m    0.32 kB[22m[1m[22m[2m │ gzip:     0.27 kB[22m
#38 270.4 [2mbuild/[22m[2massets/[22m[36museCurrentUserWorkspaceTwoFactorAuthentication-C0slq06o.js  [39m[1m[2m    0.34 kB[22m[1m[22m[2m │ gzip:     0.25 kB[22m
#38 270.4 [2mbuild/[22m[2massets/[22m[36mCommandMenuAddToNavDroppableDndKit-Cz0mYWv_.js              [39m[1m[2m    0.34 kB[22m[1m[22m[2m │ gzip:     0.26 kB[22m
#38 270.4 [2mbuild/[22m[2massets/[22m[36mViewLayout.vue-BmG6Rlbb.js                                  [39m[1m[2m    0.35 kB[22m[1m[22m[2m │ gzip:     0.27 kB[22m
#38 270.4 [2mbuild/[22m[2massets/[22m[36mCommandMenuItemWithAddToNavigationDragDndKit-CpFP1YNx.js    [39m[1m[2m    0.35 kB[22m[1m[22m[2m │ gzip:     0.26 kB[22m
#38 270.4 [2mbuild/[22m[2massets/[22m[36mLightCopyIconButton-3tSR6CTp.js                             [39m[1m[2m    0.36 kB[22m[1m[22m[2m │ gzip:     0.29 kB[22m
#38 270.4 [2mbuild/[22m[2massets/[22m[36museListenToEventsForQuery-BK3mU5pk.js                       [39m[1m[2m    0.37 kB[22m[1m[22m[2m │ gzip:     0.26 kB[22m
#38 270.4 [2mbuild/[22m[2massets/[22m[36mclsx-B-dksMZM.js                                            [39m[1m[2m    0.37 kB[22m[1m[22m[2m │ gzip:     0.24 kB[22m
#38 270.4 [2mbuild/[22m[2massets/[22m[36mlastFieldMetadataItemUpdateState-D4SS1Rwk.js                [39m[1m[2m    0.37 kB[22m[1m[22m[2m │ gzip:     0.22 kB[22m
#38 270.4 [2mbuild/[22m[2massets/[22m[36mcast-as-number-or-null-C3jG4kkd.js                          [39m[1m[2m    0.38 kB[22m[1m[22m[2m │ gzip:     0.25 kB[22m
#38 270.4 [2mbuild/[22m[2massets/[22m[36mNavigationMenuItemSectionDroppableConfig-BeTBDwYy.js        [39m[1m[2m    0.39 kB[22m[1m[22m[2m │ gzip:     0.22 kB[22m
#38 270.4 [2mbuild/[22m[2massets/[22m[36mSubscriptionBenefit-D6fo_reR.js                             [39m[1m[2m    0.39 kB[22m[1m[22m[2m │ gzip:     0.27 kB[22m
#38 270.4 [2mbuild/[22m[2massets/[22m[36mlogicFunctionFragment-CRMIDBbN.js                           [39m[1m[2m    0.39 kB[22m[1m[22m[2m │ gzip:     0.25 kB[22m
#38 270.4 [2mbuild/[22m[2massets/[22m[36mWidgetSkeletonLoader-CUFjYToE.js                            [39m[1m[2m    0.40 kB[22m[1m[22m[2m │ gzip:     0.30 kB[22m
#38 270.4 [2mbuild/[22m[2massets/[22m[36mNavigationMenuItemOrphanDropTarget-CjkzTaI5.js              [39m[1m[2m    0.40 kB[22m[1m[22m[2m │ gzip:     0.29 kB[22m
#38 270.4 [2mbuild/[22m[2massets/[22m[36museMarketplaceApps-ByejQI1g.js                              [39m[1m[2m    0.42 kB[22m[1m[22m[2m │ gzip:     0.27 kB[22m
#38 270.4 [2mbuild/[22m[2massets/[22m[36mgetModelIcon-aGn2R_Ut.js                                    [39m[1m[2m    0.43 kB[22m[1m[22m[2m │ gzip:     0.34 kB[22m
#38 270.4 [2mbuild/[22m[2massets/[22m[36mSettingsAdminVersionDisplay-LBHAqnpb.js                     [39m[1m[2m    0.44 kB[22m[1m[22m[2m │ gzip:     0.31 kB[22m
#38 270.4 [2mbuild/[22m[2massets/[22m[36mgetMyCalendarChannels-BOIGPd5s.js                           [39m[1m[2m    0.44 kB[22m[1m[22m[2m │ gzip:     0.24 kB[22m
#38 270.4 [2mbuild/[22m[2massets/[22m[36mSettingsOptionIconCustomizer-D1Ohf_Av.js                    [39m[1m[2m    0.45 kB[22m[1m[22m[2m │ gzip:     0.33 kB[22m
#38 270.4 [2mbuild/[22m[2massets/[22m[36mScalarHotkey.vue-BmkV6YcW.js                                [39m[1m[2m    0.46 kB[22m[1m[22m[2m │ gzip:     0.35 kB[22m
#38 270.4 [2mbuild/[22m[2massets/[22m[36museOpenAddItemToFolderPage-Evv6JkPY.js                      [39m[1m[2m    0.48 kB[22m[1m[22m[2m │ gzip:     0.32 kB[22m
#38 270.4 [2mbuild/[22m[2massets/[22m[36museInstallMarketplaceApp-DdwH6mSE.js                        [39m[1m[2m    0.48 kB[22m[1m[22m[2m │ gzip:     0.34 kB[22m
#38 270.4 [2mbuild/[22m[2massets/[22m[36mgetObjectMetadataForNavigationMenuItem-DwJaJNQ5.js          [39m[1m[2m    0.48 kB[22m[1m[22m[2m │ gzip:     0.26 kB[22m
#38 270.4 [2mbuild/[22m[2massets/[22m[36mcodemirror.es-E6cwhd9h.js                                   [39m[1m[2m    0.48 kB[22m[1m[22m[2m │ gzip:     0.35 kB[22m
#38 270.4 [2mbuild/[22m[2massets/[22m[36mCollectionSync.vue-DKuFhgmU.js                              [39m[1m[2m    0.49 kB[22m[1m[22m[2m │ gzip:     0.32 kB[22m
#38 270.4 [2mbuild/[22m[2massets/[22m[36mdefineProperty-B485xl_7.js                                  [39m[1m[2m    0.49 kB[22m[1m[22m[2m │ gzip:     0.33 kB[22m
#38 270.4 [2mbuild/[22m[2massets/[22m[36mSettingsNewAccount-B9hoXsuo.js                              [39m[1m[2m    0.49 kB[22m[1m[22m[2m │ gzip:     0.30 kB[22m
#38 270.4 [2mbuild/[22m[2massets/[22m[36mCollectionCookies.vue-DOqxa2Rq.js                           [39m[1m[2m    0.50 kB[22m[1m[22m[2m │ gzip:     0.32 kB[22m
#38 270.4 [2mbuild/[22m[2massets/[22m[36mCollectionScripts.vue-OaoHQSvL.js                           [39m[1m[2m    0.50 kB[22m[1m[22m[2m │ gzip:     0.32 kB[22m
#38 270.4 [2mbuild/[22m[2massets/[22m[36mViewLayoutSection.vue-CloGyeSD.js                           [39m[1m[2m    0.50 kB[22m[1m[22m[2m │ gzip:     0.36 kB[22m
#38 270.4 [2mbuild/[22m[2massets/[22m[36mApiKeyInput-6ihxF3qb.js                                     [39m[1m[2m    0.50 kB[22m[1m[22m[2m │ gzip:     0.36 kB[22m
#38 270.4 [2mbuild/[22m[2massets/[22m[36mSettingsDevelopersWebhookNew-8jysCHMR.js                    [39m[1m[2m    0.51 kB[22m[1m[22m[2m │ gzip:     0.32 kB[22m
#38 270.4 [2mbuild/[22m[2massets/[22m[36mCollectionEnvironment.vue-spEusw6J.js                       [39m[1m[2m    0.51 kB[22m[1m[22m[2m │ gzip:     0.32 kB[22m
#38 270.4 [2mbuild/[22m[2massets/[22m[36museGetRelationMetadata-DzK00cSR.js                          [39m[1m[2m    0.51 kB[22m[1m[22m[2m │ gzip:     0.31 kB[22m
#38 270.4 [2mbuild/[22m[2massets/[22m[36mFullScreenContainer-Cf4Zv8u7.js                             [39m[1m[2m    0.51 kB[22m[1m[22m[2m │ gzip:     0.31 kB[22m
#38 270.4 [2mbuild/[22m[2massets/[22m[36mStyledDropdownButtonContainer-BhhidT40.js                   [39m[1m[2m    0.51 kB[22m[1m[22m[2m │ gzip:     0.30 kB[22m
#38 270.4 [2mbuild/[22m[2massets/[22m[36mCollectionAuthentication.vue-CVBCGoRA.js                    [39m[1m[2m    0.51 kB[22m[1m[22m[2m │ gzip:     0.32 kB[22m
#38 270.4 [2mbuild/[22m[2massets/[22m[36mformatExpiration-CB7XljGj.js                                [39m[1m[2m    0.51 kB[22m[1m[22m[2m │ gzip:     0.34 kB[22m
#38 270.4 [2mbuild/[22m[2massets/[22m[36mSettingsBillingLabelValueItem-BzWRmPJJ.js                   [39m[1m[2m    0.52 kB[22m[1m[22m[2m │ gzip:     0.31 kB[22m
#38 270.4 [2mbuild/[22m[2massets/[22m[36msearchcursor.es-BVaYB843.js                                 [39m[1m[2m    0.52 kB[22m[1m[22m[2m │ gzip:     0.37 kB[22m
#38 270.4 [2mbuild/[22m[2massets/[22m[36mmatchbrackets.es-2WqcIVBl.js                                [39m[1m[2m    0.52 kB[22m[1m[22m[2m │ gzip:     0.37 kB[22m
#38 270.4 [2mbuild/[22m[2massets/[22m[36mRange-CZNrBk8u.js                                           [39m[1m[2m    0.53 kB[22m[1m[22m[2m │ gzip:     0.24 kB[22m
#38 270.4 [2mbuild/[22m[2massets/[22m[36mapiKeyTokenFamilyState-M8XJsDPE.js                          [39m[1m[2m    0.54 kB[22m[1m[22m[2m │ gzip:     0.38 kB[22m
#38 270.4 [2mbuild/[22m[2massets/[22m[36mSettingsOptionCardContentSelect-5nkAImL1.js                 [39m[1m[2m    0.54 kB[22m[1m[22m[2m │ gzip:     0.34 kB[22m
#38 270.4 [2mbuild/[22m[2massets/[22m[36museSortedArray-BVfh8ZX1.js                                  [39m[1m[2m    0.55 kB[22m[1m[22m[2m │ gzip:     0.34 kB[22m
#38 270.4 [2mbuild/[22m[2massets/[22m[36mSettingsOptionCardContentButton-C_NV1dWZ.js                 [39m[1m[2m    0.56 kB[22m[1m[22m[2m │ gzip:     0.35 kB[22m
#38 270.4 [2mbuild/[22m[2massets/[22m[36mSettingsDevelopersWebhookDetail-BqAu9dnw.js                 [39m[1m[2m    0.56 kB[22m[1m[22m[2m │ gzip:     0.35 kB[22m
#38 270.4 [2mbuild/[22m[2massets/[22m[36museWorkspaceAiModelAvailability-Cw2VyZNC.js                 [39m[1m[2m    0.56 kB[22m[1m[22m[2m │ gzip:     0.36 kB[22m
#38 270.4 [2mbuild/[22m[2massets/[22m[36mWorkspaceLogoUploader-DjI9hCYX.js                           [39m[1m[2m    0.56 kB[22m[1m[22m[2m │ gzip:     0.35 kB[22m
#38 270.4 [2mbuild/[22m[2massets/[22m[36museDeleteOneObjectMetadataItem-D-l7vpVE.js                  [39m[1m[2m    0.57 kB[22m[1m[22m[2m │ gzip:     0.40 kB[22m
#38 270.4 [2mbuild/[22m[2massets/[22m[36mTimeZoneAbbreviation-CjSPxFXq.js                            [39m[1m[2m    0.58 kB[22m[1m[22m[2m │ gzip:     0.41 kB[22m
#38 270.4 [2mbuild/[22m[2massets/[22m[36museRegisterInputEvents-C4YlJHiX.js                          [39m[1m[2m    0.59 kB[22m[1m[22m[2m │ gzip:     0.33 kB[22m
#38 270.4 [2mbuild/[22m[2massets/[22m[36museHandleResetPassword-CKHRrUnN.js                          [39m[1m[2m    0.62 kB[22m[1m[22m[2m │ gzip:     0.42 kB[22m
#38 270.4 [2mbuild/[22m[2massets/[22m[36mgetAiProviders-BQ059d0S.js                                  [39m[1m[2m    0.62 kB[22m[1m[22m[2m │ gzip:     0.30 kB[22m
#38 270.4 [2mbuild/[22m[2massets/[22m[36mmode.es-Bl0QPAm1.js                                         [39m[1m[2m    0.64 kB[22m[1m[22m[2m │ gzip:     0.43 kB[22m
#38 270.4 [2mbuild/[22m[2massets/[22m[36museObjectMetadataItemsThatCanHavePermission-YiqeSMg6.js     [39m[1m[2m    0.65 kB[22m[1m[22m[2m │ gzip:     0.36 kB[22m
#38 270.4 [2mbuild/[22m[2massets/[22m[36museScrollWrapperHTMLElement-BFwSbbFX.js                     [39m[1m[2m    0.65 kB[22m[1m[22m[2m │ gzip:     0.39 kB[22m
#38 270.4 [2mbuild/[22m[2massets/[22m[36mSettingsCardContentBase-DkHrge8g.js                         [39m[1m[2m    0.69 kB[22m[1m[22m[2m │ gzip:     0.34 kB[22m
#38 270.4 [2mbuild/[22m[2massets/[22m[36mSubscriptionInfoRowContainer-DjqDBGrH.js                    [39m[1m[2m    0.74 kB[22m[1m[22m[2m │ gzip:     0.39 kB[22m
#38 270.4 [2mbuild/[22m[2massets/[22m[36museObjectRecordSearchRecords-vS5YYQm-.js                    [39m[1m[2m    0.74 kB[22m[1m[22m[2m │ gzip:     0.49 kB[22m
#38 270.4 [2mbuild/[22m[2massets/[22m[36mgetWrongExportedFunctionMarkers-XHGaPXDl.js                 [39m[1m[2m    0.75 kB[22m[1m[22m[2m │ gzip:     0.42 kB[22m
#38 270.4 [2mbuild/[22m[2massets/[22m[36mSettingsAccountsListEmptyStateCard-F9dF0nEZ.js              [39m[1m[2m    0.81 kB[22m[1m[22m[2m │ gzip:     0.50 kB[22m
#38 270.4 [2mbuild/[22m[2massets/[22m[36mScalarPopover.vue-CxmjjwjL.js                               [39m[1m[2m    0.84 kB[22m[1m[22m[2m │ gzip:     0.49 kB[22m
#38 270.4 [2mbuild/[22m[2massets/[22m[36mSortableTableHeader-B0WjQ9tx.js                             [39m[1m[2m    0.85 kB[22m[1m[22m[2m │ gzip:     0.48 kB[22m
#38 270.4 [2mbuild/[22m[2massets/[22m[36museBaseLicensedPriceByPlanKeyAndInterval-Bt7bExjm.js        [39m[1m[2m    0.85 kB[22m[1m[22m[2m │ gzip:     0.43 kB[22m
#38 270.4 [2mbuild/[22m[2massets/[22m[36mGraphWidgetAggregateChart-2e8QuSU-.js                       [39m[1m[2m    0.85 kB[22m[1m[22m[2m │ gzip:     0.49 kB[22m
#38 270.4 [2mbuild/[22m[2massets/[22m[36museSetNextOnboardingStatus-DXpQ7oJZ.js                      [39m[1m[2m    0.86 kB[22m[1m[22m[2m │ gzip:     0.47 kB[22m
#38 270.4 [2mbuild/[22m[2massets/[22m[36mSettingsAdminTableCard-CmGSkB1F.js                          [39m[1m[2m    0.86 kB[22m[1m[22m[2m │ gzip:     0.47 kB[22m
#38 270.4 [2mbuild/[22m[2massets/[22m[36museSortedNavigationMenuItems-DL_2uxTD.js                    [39m[1m[2m    0.87 kB[22m[1m[22m[2m │ gzip:     0.48 kB[22m
#38 270.4 [2mbuild/[22m[2massets/[22m[36museNavigationMenuItemSectionItems-DbMeIV-J.js               [39m[1m[2m    0.89 kB[22m[1m[22m[2m │ gzip:     0.52 kB[22m
#38 270.4 [2mbuild/[22m[2massets/[22m[36mSettingsAccountsNewImapSmtpCaldavConnection-CL17lo8j.js     [39m[1m[2m    0.90 kB[22m[1m[22m[2m │ gzip:     0.52 kB[22m
#38 270.4 [2mbuild/[22m[2massets/[22m[36mSettingsItemTypeTag-BVrsi5pF.js                             [39m[1m[2m    0.90 kB[22m[1m[22m[2m │ gzip:     0.47 kB[22m
#38 270.4 [2mbuild/[22m[2massets/[22m[36mNavigationDrawerInput-Bf2Rb42I.js                           [39m[1m[2m    0.94 kB[22m[1m[22m[2m │ gzip:     0.56 kB[22m
#38 270.4 [2mbuild/[22m[2massets/[22m[36mhint.es-BZOY1CGM.js                                         [39m[1m[2m    0.96 kB[22m[1m[22m[2m │ gzip:     0.59 kB[22m
#38 270.4 [2mbuild/[22m[2massets/[22m[36mindex-C2DR1oEK.js                                           [39m[1m[2m    0.96 kB[22m[1m[22m[2m │ gzip:     0.52 kB[22m
#38 270.4 [2mbuild/[22m[2massets/[22m[36mPermissionIcon-BPHVTIF-.js                                  [39m[1m[2m    0.97 kB[22m[1m[22m[2m │ gzip:     0.49 kB[22m
#38 270.4 [2mbuild/[22m[2massets/[22m[36mScalarAsciiArt.vue-C0mNETxO.js                              [39m[1m[2m    1.00 kB[22m[1m[22m[2m │ gzip:     0.62 kB[22m
#38 270.4 [2mbuild/[22m[2massets/[22m[36mgetFileType-CBlCwU59.js                                     [39m[1m[2m    1.00 kB[22m[1m[22m[2m │ gzip:     0.37 kB[22m
#38 270.4 [2mbuild/[22m[2massets/[22m[36mPaymentSuccess-BzdfXEE9.js                                  [39m[1m[2m    1.00 kB[22m[1m[22m[2m │ gzip:     0.63 kB[22m
#38 270.4 [2mbuild/[22m[2massets/[22m[36mExpandedFieldDisplay-Bkb07oR1.js                            [39m[1m[2m    1.00 kB[22m[1m[22m[2m │ gzip:     0.56 kB[22m
#38 270.4 [2mbuild/[22m[2massets/[22m[36mSettingsObjectFieldDataType-BGs5UX0_.js                     [39m[1m[2m    1.02 kB[22m[1m[22m[2m │ gzip:     0.56 kB[22m
#38 270.4 [2mbuild/[22m[2massets/[22m[36mLogo-CAlTm8oF.js                                            [39m[1m[2m    1.03 kB[22m[1m[22m[2m │ gzip:     0.55 kB[22m
#38 270.4 [2mbuild/[22m[2massets/[22m[36mBookCallDecision-DrNp8-nH.js                                [39m[1m[2m    1.06 kB[22m[1m[22m[2m │ gzip:     0.58 kB[22m
#38 270.4 [2mbuild/[22m[2massets/[22m[36mTextArea-DzbR4kGz.js                                        [39m[1m[2m    1.08 kB[22m[1m[22m[2m │ gzip:     0.64 kB[22m
#38 270.4 [2mbuild/[22m[2massets/[22m[36mazcli-Bi9XleDY.js                                           [39m[1m[2m    1.09 kB[22m[1m[22m[2m │ gzip:     0.46 kB[22m
#38 270.4 [2mbuild/[22m[2massets/[22m[36mindex-rMqNZYyA-so9AChJ0.js                                  [39m[1m[2m    1.10 kB[22m[1m[22m[2m │ gzip:     0.64 kB[22m
#38 270.4 [2mbuild/[22m[2massets/[22m[36mSettingsAccountsEditImapSmtpCaldavConnection-D3CMN2nk.js    [39m[1m[2m    1.18 kB[22m[1m[22m[2m │ gzip:     0.65 kB[22m
#38 270.4 [2mbuild/[22m[2massets/[22m[36mgetProviderIcon-BYvVA0no.js                                 [39m[1m[2m    1.24 kB[22m[1m[22m[2m │ gzip:     0.73 kB[22m
#38 270.4 [2mbuild/[22m[2massets/[22m[36mSettingsRolesQueryEffect-C0tZ8wYi.js                        [39m[1m[2m    1.26 kB[22m[1m[22m[2m │ gzip:     0.65 kB[22m
#38 270.4 [2mbuild/[22m[2massets/[22m[36mSettingsOptionCardContentToggle-CNWRSmlc.js                 [39m[1m[2m    1.27 kB[22m[1m[22m[2m │ gzip:     0.65 kB[22m
#38 270.4 [2mbuild/[22m[2massets/[22m[36mjavascript-DLZZdQIz.js                                      [39m[1m[2m    1.29 kB[22m[1m[22m[2m │ gzip:     0.68 kB[22m
#38 270.4 [2mbuild/[22m[2massets/[22m[36mRelationTypes-C1NaB-Mn.js                                   [39m[1m[2m    1.31 kB[22m[1m[22m[2m │ gzip:     0.51 kB[22m
#38 270.4 [2mbuild/[22m[2massets/[22m[36mNavigationItemDropTarget-dBHTT-s6.js                        [39m[1m[2m    1.33 kB[22m[1m[22m[2m │ gzip:     0.73 kB[22m
#38 270.4 [2mbuild/[22m[2massets/[22m[36mini-ClmXsJR7.js                                             [39m[1m[2m    1.35 kB[22m[1m[22m[2m │ gzip:     0.68 kB[22m
#38 270.4 [2mbuild/[22m[2massets/[22m[36mUsagePieChart-DmsLm_RC.js                                   [39m[1m[2m    1.37 kB[22m[1m[22m[2m │ gzip:     0.79 kB[22m
#38 270.4 [2mbuild/[22m[2massets/[22m[36mgetMyMessageChannels-D7JKOGRF.js                            [39m[1m[2m    1.39 kB[22m[1m[22m[2m │ gzip:     0.56 kB[22m
#38 270.4 [2mbuild/[22m[2massets/[22m[36museMyMessageChannels-BVoaF44o.js                            [39m[1m[2m    1.40 kB[22m[1m[22m[2m │ gzip:     0.70 kB[22m
#38 270.4 [2mbuild/[22m[2massets/[22m[36mSettingsCard-BkRHyo_r.js                                    [39m[1m[2m    1.42 kB[22m[1m[22m[2m │ gzip:     0.66 kB[22m
#38 270.4 [2mbuild/[22m[2massets/[22m[36mForm.vue-Cb1DvE53.js                                        [39m[1m[2m    1.42 kB[22m[1m[22m[2m │ gzip:     0.79 kB[22m
#38 270.4 [2mbuild/[22m[2massets/[22m[36mSettingsOptionCardContentCounter-gvTqU3Mo.js                [39m[1m[2m    1.47 kB[22m[1m[22m[2m │ gzip:     0.75 kB[22m
#38 270.4 [2mbuild/[22m[2massets/[22m[36mmode.es3-DNfNwR9Z.js                                        [39m[1m[2m    1.49 kB[22m[1m[22m[2m │ gzip:     0.79 kB[22m
#38 270.4 [2mbuild/[22m[2massets/[22m[36mindex-Vcq4gwWv.js                                           [39m[1m[2m    1.49 kB[22m[1m[22m[2m │ gzip:     0.82 kB[22m
#38 270.4 [2mbuild/[22m[2massets/[22m[36mDeleteSidebarListElement.vue-D23gkvCQ.js                    [39m[1m[2m    1.52 kB[22m[1m[22m[2m │ gzip:     0.84 kB[22m
#38 270.4 [2mbuild/[22m[2massets/[22m[36mSettingsEmailingDomainDetail-BX3qw5mp.js                    [39m[1m[2m    1.53 kB[22m[1m[22m[2m │ gzip:     0.81 kB[22m
#38 270.4 [2mbuild/[22m[2massets/[22m[36mSettingsAccountsCalendars-BNcdq18R.js                       [39m[1m[2m    1.53 kB[22m[1m[22m[2m │ gzip:     0.77 kB[22m
#38 270.4 [2mbuild/[22m[2massets/[22m[36mjump-to-line.es-DND9SVYT.js                                 [39m[1m[2m    1.57 kB[22m[1m[22m[2m │ gzip:     0.89 kB[22m
#38 270.4 [2mbuild/[22m[2massets/[22m[36mmode.es2-BwKPBd-1.js                                        [39m[1m[2m    1.60 kB[22m[1m[22m[2m │ gzip:     0.86 kB[22m
#38 270.4 [2mbuild/[22m[2massets/[22m[36mSortOrFilterChip-D6x14ZEU.js                                [39m[1m[2m    1.62 kB[22m[1m[22m[2m │ gzip:     0.68 kB[22m
#38 270.4 [2mbuild/[22m[2massets/[22m[36mEmptyState.vue-Bl0U47CK.js                                  [39m[1m[2m    1.66 kB[22m[1m[22m[2m │ gzip:     0.63 kB[22m
#38 270.4 [2mbuild/[22m[2massets/[22m[36mcsp-XzjzQJAS.js                                             [39m[1m[2m    1.67 kB[22m[1m[22m[2m │ gzip:     0.67 kB[22m
#38 270.4 [2mbuild/[22m[2massets/[22m[36mWorkspaceMemberPictureUploader-C2MFy2kR.js                  [39m[1m[2m    1.78 kB[22m[1m[22m[2m │ gzip:     0.98 kB[22m
#38 270.4 [2mbuild/[22m[2massets/[22m[36mSettingsAccountsEmails-C6JZdlFY.js                          [39m[1m[2m    1.82 kB[22m[1m[22m[2m │ gzip:     0.94 kB[22m
#38 270.4 [2mbuild/[22m[2massets/[22m[36mSettingsAccountsVisibilityIcon-h9V0g8Km.js                  [39m[1m[2m    1.83 kB[22m[1m[22m[2m │ gzip:     0.72 kB[22m
#38 270.4 [2mbuild/[22m[2massets/[22m[36mSettingsRestPlayground-DvGr4ghJ.js                          [39m[1m[2m    1.84 kB[22m[1m[22m[2m │ gzip:     1.01 kB[22m
#38 270.4 [2mbuild/[22m[2massets/[22m[36mformatDateString---f56dwT.js                                [39m[1m[2m    1.84 kB[22m[1m[22m[2m │ gzip:     0.89 kB[22m
#38 270.4 [2mbuild/[22m[2massets/[22m[36musePersistLogicFunction-BrInpl9d.js                         [39m[1m[2m    1.85 kB[22m[1m[22m[2m │ gzip:     0.65 kB[22m
#38 270.4 [2mbuild/[22m[2massets/[22m[36mSettingsNewEmailingDomain-SOIjrbZo.js                       [39m[1m[2m    1.85 kB[22m[1m[22m[2m │ gzip:     1.01 kB[22m
#38 270.4 [2mbuild/[22m[2massets/[22m[36mSettingsAccountsCalendarChannelDetails-CyHicEB2.js          [39m[1m[2m    1.86 kB[22m[1m[22m[2m │ gzip:     0.89 kB[22m
#38 270.4 [2mbuild/[22m[2massets/[22m[36museMyCalendarChannels-D-elahXC.js                           [39m[1m[2m    1.88 kB[22m[1m[22m[2m │ gzip:     0.81 kB[22m
#38 270.4 [2mbuild/[22m[2massets/[22m[36mImageInput-C-kEhS0b.js                                      [39m[1m[2m    1.92 kB[22m[1m[22m[2m │ gzip:     0.94 kB[22m
#38 270.4 [2mbuild/[22m[2massets/[22m[36mSettingsListCard-Dt-Y37Fw.js                                [39m[1m[2m    1.93 kB[22m[1m[22m[2m │ gzip:     0.84 kB[22m
#38 270.4 [2mbuild/[22m[2massets/[22m[36mpla-BN_lO8dm.js                                             [39m[1m[2m    1.93 kB[22m[1m[22m[2m │ gzip:     0.79 kB[22m
#38 270.4 [2mbuild/[22m[2massets/[22m[36mSettingsRoleEdit-BQh3KtGi.js                                [39m[1m[2m    1.94 kB[22m[1m[22m[2m │ gzip:     1.03 kB[22m
#38 270.4 [2mbuild/[22m[2massets/[22m[36mWorkspaceSectionListDndKit-b3X8TFSl.js                      [39m[1m[2m    1.99 kB[22m[1m[22m[2m │ gzip:     0.88 kB[22m
#38 270.4 [2mbuild/[22m[2massets/[22m[36mcreateVirtualElementFromContainerOffset-DzwJG9Ku.js         [39m[1m[2m    2.00 kB[22m[1m[22m[2m │ gzip:     1.11 kB[22m
#38 270.4 [2mbuild/[22m[2massets/[22m[36mscheme-C2o8sVvg.js                                          [39m[1m[2m    2.01 kB[22m[1m[22m[2m │ gzip:     0.97 kB[22m
#38 270.4 [2mbuild/[22m[2massets/[22m[36mSettingsWorkspace-BYYuoMEJ.js                               [39m[1m[2m    2.03 kB[22m[1m[22m[2m │ gzip:     1.13 kB[22m
#38 270.4 [2mbuild/[22m[2massets/[22m[36mflow9-D1jgRr-A.js                                           [39m[1m[2m    2.06 kB[22m[1m[22m[2m │ gzip:     1.00 kB[22m
#38 270.4 [2mbuild/[22m[2massets/[22m[36museGetObjectPermissionDerivedStates-sFmaEad4.js             [39m[1m[2m    2.07 kB[22m[1m[22m[2m │ gzip:     0.77 kB[22m
#38 270.4 [2mbuild/[22m[2massets/[22m[36msb-CJsDWwZ1.js                                              [39m[1m[2m    2.08 kB[22m[1m[22m[2m │ gzip:     0.97 kB[22m
#38 270.4 [2mbuild/[22m[2massets/[22m[36mbat-BJPgnU1o.js                                             [39m[1m[2m    2.09 kB[22m[1m[22m[2m │ gzip:     1.01 kB[22m
#38 270.4 [2mbuild/[22m[2massets/[22m[36mSettingsRoleCreate-BIiXSfev.js                              [39m[1m[2m    2.09 kB[22m[1m[22m[2m │ gzip:     1.07 kB[22m
#38 270.4 [2mbuild/[22m[2massets/[22m[36mBookCall-DYoLRxCp.js                                        [39m[1m[2m    2.10 kB[22m[1m[22m[2m │ gzip:     1.17 kB[22m
#38 270.4 [2mbuild/[22m[2massets/[22m[36mdockerfile-C0Dutnxx.js                                      [39m[1m[2m    2.12 kB[22m[1m[22m[2m │ gzip:     0.82 kB[22m
#38 270.4 [2mbuild/[22m[2massets/[22m[36mSettingsSecurityApprovedAccessDomain-BIa5CsCq.js            [39m[1m[2m    2.12 kB[22m[1m[22m[2m │ gzip:     1.01 kB[22m
#38 270.4 [2mbuild/[22m[2massets/[22m[36mTitleInput-yZdPfaFF.js                                      [39m[1m[2m    2.17 kB[22m[1m[22m[2m │ gzip:     1.02 kB[22m
#38 270.4 [2mbuild/[22m[2massets/[22m[36mpath-CwhJx0Bd.js                                            [39m[1m[2m    2.22 kB[22m[1m[22m[2m │ gzip:     1.09 kB[22m
#38 270.4 [2mbuild/[22m[2massets/[22m[36mpascaligo-BEcOARY1.js                                       [39m[1m[2m    2.25 kB[22m[1m[22m[2m │ gzip:     1.06 kB[22m
#38 270.4 [2mbuild/[22m[2massets/[22m[36minfo-addon.es-D0D0wMoT.js                                   [39m[1m[2m    2.33 kB[22m[1m[22m[2m │ gzip:     0.94 kB[22m
#38 270.4 [2mbuild/[22m[2massets/[22m[36mfilterUserFacingFieldMetadataItems-DfdWY1A7.js              [39m[1m[2m    2.33 kB[22m[1m[22m[2m │ gzip:     0.75 kB[22m
#38 270.4 [2mbuild/[22m[2massets/[22m[36mwith-selector-D6Jd7OAp.js                                   [39m[1m[2m    2.34 kB[22m[1m[22m[2m │ gzip:     1.02 kB[22m
#38 270.4 [2mbuild/[22m[2massets/[22m[36mSettingsUpdates-Dsnc5dw3.js                                 [39m[1m[2m    2.36 kB[22m[1m[22m[2m │ gzip:     1.15 kB[22m
#38 270.4 [2mbuild/[22m[2massets/[22m[36mlua-DWEneg7V.js                                             [39m[1m[2m    2.37 kB[22m[1m[22m[2m │ gzip:     1.08 kB[22m
#38 270.4 [2mbuild/[22m[2massets/[22m[36mSettingsDevelopersApiKeysNew-CVXocveT.js                    [39m[1m[2m    2.39 kB[22m[1m[22m[2m │ gzip:     1.22 kB[22m
#38 270.4 [2mbuild/[22m[2massets/[22m[36mSettingsSubdomainPage-B4J59ivt.js                           [39m[1m[2m    2.41 kB[22m[1m[22m[2m │ gzip:     1.29 kB[22m
#38 270.4 [2mbuild/[22m[2massets/[22m[36mcameligo-CXYPKBQm.js                                        [39m[1m[2m    2.43 kB[22m[1m[22m[2m │ gzip:     1.11 kB[22m
#38 270.4 [2mbuild/[22m[2massets/[22m[36mSettingsNonCompositeFieldTypeConfigs-Bal9Mr2a.js            [39m[1m[2m    2.46 kB[22m[1m[22m[2m │ gzip:     0.92 kB[22m
#38 270.4 [2mbuild/[22m[2massets/[22m[36mgraphql-laPwGhyz.js                                         [39m[1m[2m    2.51 kB[22m[1m[22m[2m │ gzip:     1.17 kB[22m
#38 270.4 [2mbuild/[22m[2massets/[22m[36mAuthorize-CDQWaV8h.js                                       [39m[1m[2m    2.54 kB[22m[1m[22m[2m │ gzip:     1.23 kB[22m
#38 270.4 [2mbuild/[22m[2massets/[22m[36mbrace-fold.es-LuklWA_t.js                                   [39m[1m[2m    2.55 kB[22m[1m[22m[2m │ gzip:     1.23 kB[22m
#38 270.4 [2mbuild/[22m[2massets/[22m[36mobjective-c-B-IX7nM8.js                                     [39m[1m[2m    2.65 kB[22m[1m[22m[2m │ gzip:     1.21 kB[22m
#38 270.4 [2mbuild/[22m[2massets/[22m[36mSidebarButton.vue-BW5kkIPk.js                               [39m[1m[2m    2.67 kB[22m[1m[22m[2m │ gzip:     1.40 kB[22m
#38 270.4 [2mbuild/[22m[2massets/[22m[36mlexon-DBQeiiee.js                                           [39m[1m[2m    2.68 kB[22m[1m[22m[2m │ gzip:     1.07 kB[22m
#38 270.4 [2mbuild/[22m[2massets/[22m[36mSelectableListItem-De4GgWtq.js                              [39m[1m[2m    2.72 kB[22m[1m[22m[2m │ gzip:     1.24 kB[22m
#38 270.4 [2mbuild/[22m[2massets/[22m[36mdialog.es-CCAp331B.js                                       [39m[1m[2m    2.72 kB[22m[1m[22m[2m │ gzip:     1.20 kB[22m
#38 270.4 [2mbuild/[22m[2massets/[22m[36mlint.es2-7iK654WZ.js                                        [39m[1m[2m    2.74 kB[22m[1m[22m[2m │ gzip:     1.44 kB[22m
#38 270.4 [2mbuild/[22m[2massets/[22m[36mCreateWorkspace-CXDue_3r.js                                 [39m[1m[2m    2.77 kB[22m[1m[22m[2m │ gzip:     1.36 kB[22m
#38 270.4 [2mbuild/[22m[2massets/[22m[36mInviteTeam-C1vBG3Vn.js                                      [39m[1m[2m    2.77 kB[22m[1m[22m[2m │ gzip:     1.44 kB[22m
#38 270.4 [2mbuild/[22m[2massets/[22m[36mxml-CS5RHtUY.js                                             [39m[1m[2m    2.78 kB[22m[1m[22m[2m │ gzip:     1.17 kB[22m
#38 270.4 [2mbuild/[22m[2massets/[22m[36mbicep-vwS0ert2.js                                           [39m[1m[2m    2.78 kB[22m[1m[22m[2m │ gzip:     1.11 kB[22m
#38 270.4 [2mbuild/[22m[2massets/[22m[36mjump.es-i_9OaqA5.js                                         [39m[1m[2m    2.79 kB[22m[1m[22m[2m │ gzip:     1.18 kB[22m
#38 270.4 [2mbuild/[22m[2massets/[22m[36mSchemaReference.es-BjGrWOuD.js                              [39m[1m[2m    2.79 kB[22m[1m[22m[2m │ gzip:     1.00 kB[22m
#38 270.4 [2mbuild/[22m[2massets/[22m[36msparql-CYX1qyox.js                                          [39m[1m[2m    2.80 kB[22m[1m[22m[2m │ gzip:     1.31 kB[22m
#38 270.4 [2mbuild/[22m[2massets/[22m[36mSyncEmails-Yms4EhBd.js                                      [39m[1m[2m    2.82 kB[22m[1m[22m[2m │ gzip:     1.28 kB[22m
#38 270.4 [2mbuild/[22m[2massets/[22m[36mmips-BIdf2MOo.js                                            [39m[1m[2m    2.83 kB[22m[1m[22m[2m │ gzip:     1.22 kB[22m
#38 270.4 [2mbuild/[22m[2massets/[22m[36mzod-D1OV8QKX.js                                             [39m[1m[2m    2.83 kB[22m[1m[22m[2m │ gzip:     1.03 kB[22m
#38 270.4 [2mbuild/[22m[2massets/[22m[36mSettingsRoleAddObjectLevel-DBXV2LuL.js                      [39m[1m[2m    2.89 kB[22m[1m[22m[2m │ gzip:     1.24 kB[22m
#38 270.4 [2mbuild/[22m[2massets/[22m[36mgo-CmhYPhRB.js                                              [39m[1m[2m    2.90 kB[22m[1m[22m[2m │ gzip:     1.29 kB[22m
#38 270.4 [2mbuild/[22m[2massets/[22m[36mWorkflowStepExecutionResult-DEuS9rcK.js                     [39m[1m[2m    2.96 kB[22m[1m[22m[2m │ gzip:     1.36 kB[22m
#38 270.4 [2mbuild/[22m[2massets/[22m[36mgetAttachmentUrl-Cv9_zJFo.js                                [39m[1m[2m    2.98 kB[22m[1m[22m[2m │ gzip:     1.44 kB[22m
#38 270.4 [2mbuild/[22m[2massets/[22m[36msophia-DMkVlZ1z.js                                          [39m[1m[2m    3.01 kB[22m[1m[22m[2m │ gzip:     1.36 kB[22m
#38 270.4 [2mbuild/[22m[2massets/[22m[36mhint.es2-DohSdRa2.js                                        [39m[1m[2m    3.03 kB[22m[1m[22m[2m │ gzip:     1.34 kB[22m
#38 270.4 [2mbuild/[22m[2massets/[22m[36mtypespec-Cd6NKU2I.js                                        [39m[1m[2m    3.04 kB[22m[1m[22m[2m │ gzip:     1.24 kB[22m
#38 270.4 [2mbuild/[22m[2massets/[22m[36mm3-CHjEtyCi.js                                              [39m[1m[2m    3.06 kB[22m[1m[22m[2m │ gzip:     1.47 kB[22m
#38 270.4 [2mbuild/[22m[2massets/[22m[36mCreateProfile-CXh_ChSt.js                                   [39m[1m[2m    3.06 kB[22m[1m[22m[2m │ gzip:     1.42 kB[22m
#38 270.4 [2mbuild/[22m[2massets/[22m[36mSettingsCustomDomainPage-Cqh5cIOU.js                        [39m[1m[2m    3.10 kB[22m[1m[22m[2m │ gzip:     1.38 kB[22m
#38 270.4 [2mbuild/[22m[2massets/[22m[36mmatchbrackets.es2-CMXqLi-G.js                               [39m[1m[2m    3.11 kB[22m[1m[22m[2m │ gzip:     1.37 kB[22m
#38 270.4 [2mbuild/[22m[2massets/[22m[36museUpdateManyRecords-BdTCWW5H.js                            [39m[1m[2m    3.14 kB[22m[1m[22m[2m │ gzip:     1.21 kB[22m
#38 270.4 [2mbuild/[22m[2massets/[22m[36mCollectionOverview.vue-BeradE36.js                          [39m[1m[2m    3.18 kB[22m[1m[22m[2m │ gzip:     1.43 kB[22m
#38 270.4 [2mbuild/[22m[2massets/[22m[36mSettingsAccountsConfiguration-DnpQXHRo.js                   [39m[1m[2m    3.19 kB[22m[1m[22m[2m │ gzip:     1.34 kB[22m
#38 270.4 [2mbuild/[22m[2massets/[22m[36mSettingsAIPrompts-TSQh9bPl.js                               [39m[1m[2m    3.20 kB[22m[1m[22m[2m │ gzip:     1.41 kB[22m
#38 270.4 [2mbuild/[22m[2massets/[22m[36museExecuteLogicFunction-CI5arJXp.js                         [39m[1m[2m    3.22 kB[22m[1m[22m[2m │ gzip:     1.48 kB[22m
#38 270.4 [2mbuild/[22m[2massets/[22m[36mfsharp-BiRIo-8D.js                                          [39m[1m[2m    3.23 kB[22m[1m[22m[2m │ gzip:     1.47 kB[22m
#38 270.4 [2mbuild/[22m[2massets/[22m[36mpascal-C7id5dyp.js                                          [39m[1m[2m    3.24 kB[22m[1m[22m[2m │ gzip:     1.55 kB[22m
#38 270.4 [2mbuild/[22m[2massets/[22m[36mEditSidebarListElement.vue-B1-MR-jT.js                      [39m[1m[2m    3.25 kB[22m[1m[22m[2m │ gzip:     1.62 kB[22m
#38 270.4 [2mbuild/[22m[2massets/[22m[36mshell-CwYKbXgk.js                                           [39m[1m[2m    3.32 kB[22m[1m[22m[2m │ gzip:     1.35 kB[22m
#38 270.4 [2mbuild/[22m[2massets/[22m[36mr-ZH9bZPmh.js                                               [39m[1m[2m    3.38 kB[22m[1m[22m[2m │ gzip:     1.42 kB[22m
#38 270.4 [2mbuild/[22m[2massets/[22m[36mFieldRichTextWidget-CtgMyFP7.js                             [39m[1m[2m    3.39 kB[22m[1m[22m[2m │ gzip:     1.65 kB[22m
#38 270.4 [2mbuild/[22m[2massets/[22m[36mSettingsAdminWorkerMetricsGraph-BeKZgBt2.js                 [39m[1m[2m    3.43 kB[22m[1m[22m[2m │ gzip:     1.65 kB[22m
#38 270.4 [2mbuild/[22m[2massets/[22m[36mqsharp-DX7Fbopp.js                                          [39m[1m[2m    3.44 kB[22m[1m[22m[2m │ gzip:     1.56 kB[22m
#38 270.4 [2mbuild/[22m[2massets/[22m[36mreact-textarea-autosize.browser.esm-BL32w_aZ.js             [39m[1m[2m    3.47 kB[22m[1m[22m[2m │ gzip:     1.55 kB[22m
#38 270.4 [2mbuild/[22m[2massets/[22m[36mjava-uHnaXnbE.js                                            [39m[1m[2m    3.47 kB[22m[1m[22m[2m │ gzip:     1.56 kB[22m
#38 270.4 [2mbuild/[22m[2massets/[22m[36mSettingsNewObject-Bws6nRbN.js                               [39m[1m[2m    3.48 kB[22m[1m[22m[2m │ gzip:     1.73 kB[22m
#38 270.4 [2mbuild/[22m[2massets/[22m[36mpowershell-DJq46Tdb.js                                      [39m[1m[2m    3.52 kB[22m[1m[22m[2m │ gzip:     1.53 kB[22m
#38 270.4 [2mbuild/[22m[2massets/[22m[36mgetPositionBetween-BzO8XwRA.js                              [39m[1m[2m    3.54 kB[22m[1m[22m[2m │ gzip:     1.04 kB[22m
#38 270.4 [2mbuild/[22m[2massets/[22m[36mSettingsAgentTurnDetail-CHbPhMLC.js                         [39m[1m[2m    3.55 kB[22m[1m[22m[2m │ gzip:     1.39 kB[22m
#38 270.4 [2mbuild/[22m[2massets/[22m[36mFavoritesSectionDispatcher-C6eZPwrS.js                      [39m[1m[2m    3.57 kB[22m[1m[22m[2m │ gzip:     1.64 kB[22m
#38 270.4 [2mbuild/[22m[2massets/[22m[36mcypher-Eb8BKSyM.js                                          [39m[1m[2m    3.63 kB[22m[1m[22m[2m │ gzip:     1.58 kB[22m
#38 270.4 [2mbuild/[22m[2massets/[22m[36minfo.es-BiGyWvQa.js                                         [39m[1m[2m    3.64 kB[22m[1m[22m[2m │ gzip:     1.14 kB[22m
#38 270.4 [2mbuild/[22m[2massets/[22m[36mhoist-non-react-statics.cjs-1qfpMZl4.js                     [39m[1m[2m    3.67 kB[22m[1m[22m[2m │ gzip:     1.43 kB[22m
#38 270.4 [2mbuild/[22m[2massets/[22m[36mkotlin-DH3fENGA.js                                          [39m[1m[2m    3.69 kB[22m[1m[22m[2m │ gzip:     1.63 kB[22m
#38 270.4 [2mbuild/[22m[2massets/[22m[36mPasswordReset-Cz_MCUYW.js                                   [39m[1m[2m    3.69 kB[22m[1m[22m[2m │ gzip:     1.71 kB[22m
#38 270.4 [2mbuild/[22m[2massets/[22m[36mNotFound-DylnoQV6.js                                        [39m[1m[2m    3.74 kB[22m[1m[22m[2m │ gzip:     1.75 kB[22m
#38 270.4 [2mbuild/[22m[2massets/[22m[36mSelect-EjJx6xV1.js                                          [39m[1m[2m    3.76 kB[22m[1m[22m[2m │ gzip:     1.64 kB[22m
#38 270.4 [2mbuild/[22m[2massets/[22m[36mredis-BzH2yteE.js                                           [39m[1m[2m    3.80 kB[22m[1m[22m[2m │ gzip:     1.64 kB[22m
#38 270.4 [2mbuild/[22m[2massets/[22m[36mtcl-cgcBmvtN.js                                             [39m[1m[2m    3.82 kB[22m[1m[22m[2m │ gzip:     1.52 kB[22m
#38 270.4 [2mbuild/[22m[2massets/[22m[36mcoffee-CHEFzUZr.js                                          [39m[1m[2m    3.84 kB[22m[1m[22m[2m │ gzip:     1.45 kB[22m
#38 270.4 [2mbuild/[22m[2massets/[22m[36mhcl-CGaAZJA8.js                                             [39m[1m[2m    3.84 kB[22m[1m[22m[2m │ gzip:     1.64 kB[22m
#38 270.4 [2mbuild/[22m[2massets/[22m[36mIconPicker-Cjiruzzt.js                                      [39m[1m[2m    3.92 kB[22m[1m[22m[2m │ gzip:     1.89 kB[22m
#38 270.4 [2mbuild/[22m[2massets/[22m[36mclosebrackets.es-D6fKhtMT.js                                [39m[1m[2m    3.97 kB[22m[1m[22m[2m │ gzip:     1.71 kB[22m
#38 270.4 [2mbuild/[22m[2massets/[22m[36mAiProviderSource-Cs9vnylW.js                                [39m[1m[2m    3.97 kB[22m[1m[22m[2m │ gzip:     1.76 kB[22m
#38 270.4 [2mbuild/[22m[2massets/[22m[36mSettingsUsageUserDetail-ClLJAzZd.js                         [39m[1m[2m    4.01 kB[22m[1m[22m[2m │ gzip:     1.73 kB[22m
#38 270.4 [2mbuild/[22m[2massets/[22m[36mmarkdown-Cjb4pde9.js                                        [39m[1m[2m    4.03 kB[22m[1m[22m[2m │ gzip:     1.54 kB[22m
#38 270.4 [2mbuild/[22m[2massets/[22m[36mWorkflowReadonlyActionCode-C9ISTMDd.js                      [39m[1m[2m    4.13 kB[22m[1m[22m[2m │ gzip:     2.02 kB[22m
#38 270.4 [2mbuild/[22m[2massets/[22m[36mcomponents-LXWej1V5.js                                      [39m[1m[2m    4.14 kB[22m[1m[22m[2m │ gzip:     1.63 kB[22m
#38 270.4 [2mbuild/[22m[2massets/[22m[36mrestructuredtext-C-XjBKLO.js                                [39m[1m[2m    4.14 kB[22m[1m[22m[2m │ gzip:     1.52 kB[22m
#38 270.4 [2mbuild/[22m[2massets/[22m[36mless-DxhxX0Da.js                                            [39m[1m[2m    4.14 kB[22m[1m[22m[2m │ gzip:     1.57 kB[22m
#38 270.4 [2mbuild/[22m[2massets/[22m[36mapex-Ez0JDXSX.js                                            [39m[1m[2m    4.20 kB[22m[1m[22m[2m │ gzip:     1.92 kB[22m
#38 270.4 [2mbuild/[22m[2massets/[22m[36mSettingsRoles-BZ_On0TN.js                                   [39m[1m[2m    4.20 kB[22m[1m[22m[2m │ gzip:     1.78 kB[22m
#38 270.4 [2mbuild/[22m[2massets/[22m[36mSettingsDatabaseEventsForm-Xk5QXXrN.js                      [39m[1m[2m    4.24 kB[22m[1m[22m[2m │ gzip:     1.77 kB[22m
#38 270.4 [2mbuild/[22m[2massets/[22m[36mFormTextFieldInput-p8eEOsVQ.js                              [39m[1m[2m    4.24 kB[22m[1m[22m[2m │ gzip:     1.92 kB[22m
#38 270.4 [2mbuild/[22m[2massets/[22m[36mSettingsUsage-BmFpfPuZ.js                                   [39m[1m[2m    4.28 kB[22m[1m[22m[2m │ gzip:     1.86 kB[22m
#38 270.4 [2mbuild/[22m[2massets/[22m[36mblank-line-CrIewt5l.js                                      [39m[1m[2m    4.32 kB[22m[1m[22m[2m │ gzip:     1.90 kB[22m
#38 270.4 [2mbuild/[22m[2massets/[22m[36mliquid-DpBsh2y0.js                                          [39m[1m[2m    4.32 kB[22m[1m[22m[2m │ gzip:     1.87 kB[22m
#38 270.4 [2mbuild/[22m[2massets/[22m[36myaml-BqhrcGbh.js                                            [39m[1m[2m    4.38 kB[22m[1m[22m[2m │ gzip:     1.73 kB[22m
#38 270.4 [2mbuild/[22m[2massets/[22m[36mrust-Dk88Kuwl.js                                            [39m[1m[2m    4.41 kB[22m[1m[22m[2m │ gzip:     1.97 kB[22m
#38 270.4 [2mbuild/[22m[2massets/[22m[36mCollectionSettings.vue-GZ4bbgAs.js                          [39m[1m[2m    4.43 kB[22m[1m[22m[2m │ gzip:     2.10 kB[22m
#38 270.4 [2mbuild/[22m[2massets/[22m[36mlint.es3-Bs7kqyMg.js                                        [39m[1m[2m    4.46 kB[22m[1m[22m[2m │ gzip:     2.00 kB[22m
#38 270.4 [2mbuild/[22m[2massets/[22m[36mCollectionServers.vue-D5C9iWb5.js                           [39m[1m[2m    4.47 kB[22m[1m[22m[2m │ gzip:     2.02 kB[22m
#38 270.4 [2mbuild/[22m[2massets/[22m[36mcomment.es-B-XQ9VkP.js                                      [39m[1m[2m    4.47 kB[22m[1m[22m[2m │ gzip:     1.81 kB[22m
#38 270.4 [2mbuild/[22m[2massets/[22m[36mdart-CV487FuO.js                                            [39m[1m[2m    4.50 kB[22m[1m[22m[2m │ gzip:     1.80 kB[22m
#38 270.4 [2mbuild/[22m[2massets/[22m[36mChooseYourPlan-BjVsepc6.js                                  [39m[1m[2m    4.54 kB[22m[1m[22m[2m │ gzip:     1.85 kB[22m
#38 270.4 [2mbuild/[22m[2massets/[22m[36mpython-Ck7tqraj.js                                          [39m[1m[2m    4.56 kB[22m[1m[22m[2m │ gzip:     1.89 kB[22m
#38 270.4 [2mbuild/[22m[2massets/[22m[36mSettingsAdminAiProviderDetail-DVnaeomj.js                   [39m[1m[2m    4.59 kB[22m[1m[22m[2m │ gzip:     1.95 kB[22m
#38 270.4 [2mbuild/[22m[2massets/[22m[36mcss-hbxtHnI2.js                                             [39m[1m[2m    4.76 kB[22m[1m[22m[2m │ gzip:     1.53 kB[22m
#38 270.4 [2mbuild/[22m[2massets/[22m[36museActionRolePermissionFlagConfig-B9K84AOE.js               [39m[1m[2m    4.77 kB[22m[1m[22m[2m │ gzip:     1.24 kB[22m
#38 270.4 [2mbuild/[22m[2massets/[22m[36mcsharp-BoYrPezm.js                                          [39m[1m[2m    4.77 kB[22m[1m[22m[2m │ gzip:     1.88 kB[22m
#38 270.4 [2mbuild/[22m[2massets/[22m[36mSettingsDevelopersApiKeyDetail-DDOI2nhW.js                  [39m[1m[2m    4.81 kB[22m[1m[22m[2m │ gzip:     2.08 kB[22m
#38 270.4 [2mbuild/[22m[2massets/[22m[36mTabList-Bb_fW2Jv.js                                         [39m[1m[2m    4.92 kB[22m[1m[22m[2m │ gzip:     2.03 kB[22m
#38 270.4 [2mbuild/[22m[2massets/[22m[36mCookies.vue-s1SsfFRR.js                                     [39m[1m[2m    5.01 kB[22m[1m[22m[2m │ gzip:     2.14 kB[22m
#38 270.4 [2mbuild/[22m[2massets/[22m[36mSettingsObjectNewFieldConfigure-CRUyh5eC.js                 [39m[1m[2m    5.06 kB[22m[1m[22m[2m │ gzip:     2.32 kB[22m
#38 270.4 [2mbuild/[22m[2massets/[22m[36mpug-Hz3N6TBI.js                                             [39m[1m[2m    5.07 kB[22m[1m[22m[2m │ gzip:     1.80 kB[22m
#38 270.4 [2mbuild/[22m[2massets/[22m[36mmsdax-BvDQVcnM.js                                           [39m[1m[2m    5.16 kB[22m[1m[22m[2m │ gzip:     2.11 kB[22m
#38 270.4 [2mbuild/[22m[2massets/[22m[36mindex-BqVAhiQg.js                                           [39m[1m[2m    5.17 kB[22m[1m[22m[2m │ gzip:     1.91 kB[22m
#38 270.4 [2mbuild/[22m[2massets/[22m[36mCronExpressionHelper-C6gUfUla.js                            [39m[1m[2m    5.23 kB[22m[1m[22m[2m │ gzip:     2.51 kB[22m
#38 270.4 [2mbuild/[22m[2massets/[22m[36mmdx-Vw9gjoKo.js                                             [39m[1m[2m    5.23 kB[22m[1m[22m[2m │ gzip:     1.65 kB[22m
#38 270.4 [2mbuild/[22m[2massets/[22m[36mindex-BVt4YLVt.js                                           [39m[1m[2m    5.26 kB[22m[1m[22m[2m │ gzip:     1.91 kB[22m
#38 270.4 [2mbuild/[22m[2massets/[22m[36mindex-BQZE5L6g.js                                           [39m[1m[2m    5.32 kB[22m[1m[22m[2m │ gzip:     1.88 kB[22m
#38 270.4 [2mbuild/[22m[2massets/[22m[36mCommandActionInput.vue-C-kRKl9w.js                          [39m[1m[2m    5.32 kB[22m[1m[22m[2m │ gzip:     2.23 kB[22m
#38 270.4 [2mbuild/[22m[2massets/[22m[36mcreateGraphColorRegistry-BypNUfCD.js                        [39m[1m[2m    5.34 kB[22m[1m[22m[2m │ gzip:     1.85 kB[22m
#38 270.4 [2mbuild/[22m[2massets/[22m[36msearchcursor.es2-DumX-UJ_.js                                [39m[1m[2m    5.36 kB[22m[1m[22m[2m │ gzip:     1.93 kB[22m
#38 270.4 [2mbuild/[22m[2massets/[22m[36mhtml-CvIzygWM.js                                            [39m[1m[2m    5.38 kB[22m[1m[22m[2m │ gzip:     1.60 kB[22m
#38 270.4 [2mbuild/[22m[2massets/[22m[36mCollection.vue-C1ybAFKD.js                                  [39m[1m[2m    5.41 kB[22m[1m[22m[2m │ gzip:     2.34 kB[22m
#38 270.4 [2mbuild/[22m[2massets/[22m[36mswift-CbItaH_y.js                                           [39m[1m[2m    5.42 kB[22m[1m[22m[2m │ gzip:     2.22 kB[22m
#38 270.4 [2mbuild/[22m[2massets/[22m[36mindex-CDSAUipE.js                                           [39m[1m[2m    5.43 kB[22m[1m[22m[2m │ gzip:     2.04 kB[22m
#38 270.4 [2mbuild/[22m[2massets/[22m[36mlint.es-d0ZlNgxa.js                                         [39m[1m[2m    5.46 kB[22m[1m[22m[2m │ gzip:     2.27 kB[22m
#38 270.4 [2mbuild/[22m[2massets/[22m[36mfoldgutter.es-DJ926bXx.js                                   [39m[1m[2m    5.54 kB[22m[1m[22m[2m │ gzip:     2.20 kB[22m
#38 270.4 [2mbuild/[22m[2massets/[22m[36mcpp-Bodl3iQ3.js                                             [39m[1m[2m    5.55 kB[22m[1m[22m[2m │ gzip:     2.24 kB[22m
#38 270.4 [2mbuild/[22m[2massets/[22m[36mSettingsAgentModelCapabilities-BiPEohb7.js                  [39m[1m[2m    5.57 kB[22m[1m[22m[2m │ gzip:     2.25 kB[22m
#38 270.4 [2mbuild/[22m[2massets/[22m[36mecl-D3uAxEKv.js                                             [39m[1m[2m    5.59 kB[22m[1m[22m[2m │ gzip:     2.38 kB[22m
#38 270.4 [2mbuild/[22m[2massets/[22m[36mSettingsAdminNewAiProvider-BAToRvhb.js                      [39m[1m[2m    5.69 kB[22m[1m[22m[2m │ gzip:     2.03 kB[22m
#38 270.4 [2mbuild/[22m[2massets/[22m[36mindex-CwnO1gU4.js                                           [39m[1m[2m    5.69 kB[22m[1m[22m[2m │ gzip:     2.01 kB[22m
#38 270.4 [2mbuild/[22m[2massets/[22m[36mindex-C9NusJJR.js                                           [39m[1m[2m    5.71 kB[22m[1m[22m[2m │ gzip:     2.22 kB[22m
#38 270.4 [2mbuild/[22m[2massets/[22m[36mindex-DbRzQtKT.js                                           [39m[1m[2m    5.75 kB[22m[1m[22m[2m │ gzip:     1.98 kB[22m
#38 270.4 [2mbuild/[22m[2massets/[22m[36mtypescript-Bhk9py_C.js                                      [39m[1m[2m    5.77 kB[22m[1m[22m[2m │ gzip:     2.38 kB[22m
#38 270.4 [2mbuild/[22m[2massets/[22m[36mjson-visualizer-DwGunxfM.js                                 [39m[1m[2m    5.78 kB[22m[1m[22m[2m │ gzip:     1.88 kB[22m
#38 270.4 [2mbuild/[22m[2massets/[22m[36mindex-CktinclL.js                                           [39m[1m[2m    5.81 kB[22m[1m[22m[2m │ gzip:     2.07 kB[22m
#38 270.4 [2mbuild/[22m[2massets/[22m[36mindex-B4C2V807.js                                           [39m[1m[2m    5.84 kB[22m[1m[22m[2m │ gzip:     2.03 kB[22m
#38 270.4 [2mbuild/[22m[2massets/[22m[36mpluralize-D_gC0jGJ.js                                       [39m[1m[2m    5.86 kB[22m[1m[22m[2m │ gzip:     2.43 kB[22m
#38 270.4 [2mbuild/[22m[2massets/[22m[36mindex-BqUU5s7-.js                                           [39m[1m[2m    5.87 kB[22m[1m[22m[2m │ gzip:     2.08 kB[22m
#38 270.4 [2mbuild/[22m[2massets/[22m[36mSettingsDevelopersWebhookForm-D_prj_il.js                   [39m[1m[2m    5.91 kB[22m[1m[22m[2m │ gzip:     2.43 kB[22m
#38 270.4 [2mbuild/[22m[2massets/[22m[36mindex-Hyi9XKqN.js                                           [39m[1m[2m    5.91 kB[22m[1m[22m[2m │ gzip:     2.12 kB[22m
#38 270.4 [2mbuild/[22m[2massets/[22m[36mindex-_GH4dl8B.js                                           [39m[1m[2m    5.96 kB[22m[1m[22m[2m │ gzip:     2.17 kB[22m
#38 270.4 [2mbuild/[22m[2massets/[22m[36msettingsDataModelObjectAboutFormSchema-Dk58-VAq.js          [39m[1m[2m    5.98 kB[22m[1m[22m[2m │ gzip:     2.24 kB[22m
#38 270.4 [2mbuild/[22m[2massets/[22m[36mSettingsProfile-Bvax95fN.js                                 [39m[1m[2m    5.98 kB[22m[1m[22m[2m │ gzip:     2.45 kB[22m
#38 270.4 [2mbuild/[22m[2massets/[22m[36mindex-jDG_S_7W.js                                           [39m[1m[2m    6.02 kB[22m[1m[22m[2m │ gzip:     2.15 kB[22m
#38 270.4 [2mbuild/[22m[2massets/[22m[36mvb-Dy9sNJC_.js                                              [39m[1m[2m    6.04 kB[22m[1m[22m[2m │ gzip:     2.21 kB[22m
#38 270.4 [2mbuild/[22m[2massets/[22m[36mindex-CmOOiU_J.js                                           [39m[1m[2m    6.07 kB[22m[1m[22m[2m │ gzip:     2.07 kB[22m
#38 270.4 [2mbuild/[22m[2massets/[22m[36mindex-D5atTquM.js                                           [39m[1m[2m    6.11 kB[22m[1m[22m[2m │ gzip:     2.04 kB[22m
#38 270.4 [2mbuild/[22m[2massets/[22m[36mSettingsObjects-DN9Gwiho.js                                 [39m[1m[2m    6.14 kB[22m[1m[22m[2m │ gzip:     2.43 kB[22m
#38 270.4 [2mbuild/[22m[2massets/[22m[36msearch.es-MRVBp-3d.js                                       [39m[1m[2m    6.20 kB[22m[1m[22m[2m │ gzip:     2.42 kB[22m
#38 270.4 [2mbuild/[22m[2massets/[22m[36mtwig-bK5nZLn5.js                                            [39m[1m[2m    6.22 kB[22m[1m[22m[2m │ gzip:     1.68 kB[22m
#38 270.4 [2mbuild/[22m[2massets/[22m[36mSettingsAdminIndicatorHealthStatus-DqUjgSPn.js              [39m[1m[2m    6.23 kB[22m[1m[22m[2m │ gzip:     2.38 kB[22m
#38 270.4 [2mbuild/[22m[2massets/[22m[36mSettingsTwoFactorAuthenticationMethod-99J6i1XX.js           [39m[1m[2m    6.23 kB[22m[1m[22m[2m │ gzip:     2.46 kB[22m
#38 270.4 [2mbuild/[22m[2massets/[22m[36mindex-CqTqNY34.js                                           [39m[1m[2m    6.27 kB[22m[1m[22m[2m │ gzip:     2.09 kB[22m
#38 270.4 [2mbuild/[22m[2massets/[22m[36mmediaTypes-C0QgOwlZ.js                                      [39m[1m[2m    6.30 kB[22m[1m[22m[2m │ gzip:     2.15 kB[22m
#38 270.4 [2mbuild/[22m[2massets/[22m[36mSettingsObjectNewFieldSelect-BHT7zkXN.js                    [39m[1m[2m    6.45 kB[22m[1m[22m[2m │ gzip:     2.63 kB[22m
#38 270.4 [2mbuild/[22m[2massets/[22m[36mindex-DEhUI6ks.js                                           [39m[1m[2m    6.50 kB[22m[1m[22m[2m │ gzip:     2.15 kB[22m
#38 270.4 [2mbuild/[22m[2massets/[22m[36mWorkspaceSectionDispatcher-BiN6gYGW.js                      [39m[1m[2m    6.53 kB[22m[1m[22m[2m │ gzip:     2.55 kB[22m
#38 270.4 [2mbuild/[22m[2massets/[22m[36mSettingsApiWebhooks-ZI01SP3C.js                             [39m[1m[2m    6.57 kB[22m[1m[22m[2m │ gzip:     2.56 kB[22m
#38 270.4 [2mbuild/[22m[2massets/[22m[36mSettingsObjectFieldEdit-BJgPIwZZ.js                         [39m[1m[2m    6.57 kB[22m[1m[22m[2m │ gzip:     2.89 kB[22m
#38 270.4 [2mbuild/[22m[2massets/[22m[36mNavigationMenuItemFolderDnd-yXWd_G37.js                     [39m[1m[2m    6.62 kB[22m[1m[22m[2m │ gzip:     2.78 kB[22m
#38 270.4 [2mbuild/[22m[2massets/[22m[36mcomputeEffectiveValueRange-vyPa2H_7.js                      [39m[1m[2m    6.64 kB[22m[1m[22m[2m │ gzip:     2.76 kB[22m
#38 270.4 [2mbuild/[22m[2massets/[22m[36mscss-GQ2hWI41.js                                            [39m[1m[2m    6.66 kB[22m[1m[22m[2m │ gzip:     1.90 kB[22m
#38 270.4 [2mbuild/[22m[2massets/[22m[36mindex-DRZGEjOo.js                                           [39m[1m[2m    6.80 kB[22m[1m[22m[2m │ gzip:     2.28 kB[22m
#38 270.4 [2mbuild/[22m[2massets/[22m[36mRecordShowPage-C4U0CAGr.js                                  [39m[1m[2m    6.81 kB[22m[1m[22m[2m │ gzip:     2.92 kB[22m
#38 270.4 [2mbuild/[22m[2massets/[22m[36mSettingsWorkspaceMember-DT89lZnM.js                         [39m[1m[2m    6.86 kB[22m[1m[22m[2m │ gzip:     2.88 kB[22m
#38 270.4 [2mbuild/[22m[2massets/[22m[36mgetColorScheme-O0DouJWo.js                                  [39m[1m[2m    6.93 kB[22m[1m[22m[2m │ gzip:     2.76 kB[22m
#38 270.4 [2mbuild/[22m[2massets/[22m[36mSettingsObjectOverview-lCBlET-X.js                          [39m[1m[2m    6.93 kB[22m[1m[22m[2m │ gzip:     2.67 kB[22m
#38 270.4 [2mbuild/[22m[2massets/[22m[36mSettingsSkillForm-CQ77i5dp.js                               [39m[1m[2m    7.02 kB[22m[1m[22m[2m │ gzip:     2.80 kB[22m
#38 270.4 [2mbuild/[22m[2massets/[22m[36mmock-navigation-menu-items-data-NFtVV9hH.js                 [39m[1m[2m    7.02 kB[22m[1m[22m[2m │ gzip:     1.36 kB[22m
#38 270.4 [2mbuild/[22m[2massets/[22m[36mSettingsApplications-D-VU2E_V.js                            [39m[1m[2m    7.09 kB[22m[1m[22m[2m │ gzip:     2.90 kB[22m
#38 270.4 [2mbuild/[22m[2massets/[22m[36mhandlebars-Q9MxVPoW.js                                      [39m[1m[2m    7.14 kB[22m[1m[22m[2m │ gzip:     1.82 kB[22m
#38 270.4 [2mbuild/[22m[2massets/[22m[36mindex-5UlJZuOr.js                                           [39m[1m[2m    7.20 kB[22m[1m[22m[2m │ gzip:     2.11 kB[22m
#38 270.4 [2mbuild/[22m[2massets/[22m[36mSettingsDomains-2DHT2try.js                                 [39m[1m[2m    7.23 kB[22m[1m[22m[2m │ gzip:     2.54 kB[22m
#38 270.4 [2mbuild/[22m[2massets/[22m[36mjulia-CMmaBfsx.js                                           [39m[1m[2m    7.40 kB[22m[1m[22m[2m │ gzip:     2.81 kB[22m
#38 270.4 [2mbuild/[22m[2massets/[22m[36mSettingsAdminNewAiModel-BJ4E06nf.js                         [39m[1m[2m    7.47 kB[22m[1m[22m[2m │ gzip:     2.37 kB[22m
#38 270.4 [2mbuild/[22m[2massets/[22m[36museImapSmtpCaldavConnectionForm-Bi9b-Zj3.js                 [39m[1m[2m    7.48 kB[22m[1m[22m[2m │ gzip:     2.35 kB[22m
#38 270.4 [2mbuild/[22m[2massets/[22m[36mSettingsAdminConfigVariableDetails-CY3F1vgb.js              [39m[1m[2m    7.52 kB[22m[1m[22m[2m │ gzip:     3.06 kB[22m
#38 270.4 [2mbuild/[22m[2massets/[22m[36mindex-fZsbxoyp.js                                           [39m[1m[2m    7.55 kB[22m[1m[22m[2m │ gzip:     2.51 kB[22m
#38 270.4 [2mbuild/[22m[2massets/[22m[36mscala-Cutn977k.js                                           [39m[1m[2m    7.56 kB[22m[1m[22m[2m │ gzip:     2.25 kB[22m
#38 270.4 [2mbuild/[22m[2massets/[22m[36mwgsl-BV5hR_Tl.js                                            [39m[1m[2m    7.59 kB[22m[1m[22m[2m │ gzip:     2.90 kB[22m
#38 270.4 [2mbuild/[22m[2massets/[22m[36mst-BEFsT6Ln.js                                              [39m[1m[2m    7.65 kB[22m[1m[22m[2m │ gzip:     2.39 kB[22m
#38 270.4 [2mbuild/[22m[2massets/[22m[36mindex-CxpOTjKP.js                                           [39m[1m[2m    7.66 kB[22m[1m[22m[2m │ gzip:     2.64 kB[22m
#38 270.4 [2mbuild/[22m[2massets/[22m[36mIconSelector.vue-BAMnfzs_.js                                [39m[1m[2m    7.68 kB[22m[1m[22m[2m │ gzip:     3.17 kB[22m
#38 270.4 [2mbuild/[22m[2massets/[22m[36mindex-BePhFUl-.js                                           [39m[1m[2m    7.71 kB[22m[1m[22m[2m │ gzip:     2.44 kB[22m
#38 270.4 [2mbuild/[22m[2massets/[22m[36mNavigationMenuItemSection-YIVDo6cO.js                       [39m[1m[2m    7.80 kB[22m[1m[22m[2m │ gzip:     2.77 kB[22m
#38 270.4 [2mbuild/[22m[2massets/[22m[36msystemverilog-BPNb0oFX.js                                   [39m[1m[2m    7.85 kB[22m[1m[22m[2m │ gzip:     2.91 kB[22m
#38 270.4 [2mbuild/[22m[2massets/[22m[36mpostiats-BbK-V0zf.js                                        [39m[1m[2m    8.10 kB[22m[1m[22m[2m │ gzip:     2.59 kB[22m
#38 270.4 [2mbuild/[22m[2massets/[22m[36mphp-CpI7q9LZ.js                                             [39m[1m[2m    8.27 kB[22m[1m[22m[2m │ gzip:     2.23 kB[22m
#38 270.4 [2mbuild/[22m[2massets/[22m[36mindex-CyBymFGv.js                                           [39m[1m[2m    8.40 kB[22m[1m[22m[2m │ gzip:     2.29 kB[22m
#38 270.4 [2mbuild/[22m[2massets/[22m[36mindex-BbCUVInW.js                                           [39m[1m[2m    8.45 kB[22m[1m[22m[2m │ gzip:     2.73 kB[22m
#38 270.4 [2mbuild/[22m[2massets/[22m[36mperl-B25rIk19.js                                            [39m[1m[2m    8.50 kB[22m[1m[22m[2m │ gzip:     3.29 kB[22m
#38 270.4 [2mbuild/[22m[2massets/[22m[36mActivityRichTextEditor-BSRCqa5D.js                          [39m[1m[2m    8.56 kB[22m[1m[22m[2m │ gzip:     3.43 kB[22m
#38 270.4 [2mbuild/[22m[2massets/[22m[36mWorkflowEditActionCode-BG8VYlg-.js                          [39m[1m[2m    8.57 kB[22m[1m[22m[2m │ gzip:     3.74 kB[22m
#38 270.4 [2mbuild/[22m[2massets/[22m[36mruby-BY6GPUMu.js                                            [39m[1m[2m    8.75 kB[22m[1m[22m[2m │ gzip:     2.74 kB[22m
#38 270.4 [2mbuild/[22m[2massets/[22m[36mSettingsApplicationPermissionsTab-DVjUCoGv.js               [39m[1m[2m    8.85 kB[22m[1m[22m[2m │ gzip:     2.91 kB[22m
#38 270.4 [2mbuild/[22m[2massets/[22m[36mrazor-CGUIjxeI.js                                           [39m[1m[2m    9.14 kB[22m[1m[22m[2m │ gzip:     2.50 kB[22m
#38 270.4 [2mbuild/[22m[2massets/[22m[36mSettingsAvailableApplicationDetails-PG6S5yIk.js             [39m[1m[2m    9.26 kB[22m[1m[22m[2m │ gzip:     3.33 kB[22m
#38 270.4 [2mbuild/[22m[2massets/[22m[36mprotobuf-DG0dXYmt.js                                        [39m[1m[2m    9.29 kB[22m[1m[22m[2m │ gzip:     2.23 kB[22m
#38 270.4 [2mbuild/[22m[2massets/[22m[36mSettings.vue-BpWTZS65.js                                    [39m[1m[2m    9.32 kB[22m[1m[22m[2m │ gzip:     2.90 kB[22m
#38 270.4 [2mbuild/[22m[2massets/[22m[36mSettingsLogicFunctionDetail-BmPpmyyM.js                     [39m[1m[2m    9.39 kB[22m[1m[22m[2m │ gzip:     3.74 kB[22m
#38 270.4 [2mbuild/[22m[2massets/[22m[36mMultiSelectDisplay-BWh_3Ps7.js                              [39m[1m[2m    9.52 kB[22m[1m[22m[2m │ gzip:     3.47 kB[22m
#38 270.4 [2mbuild/[22m[2massets/[22m[36mNavigationMenuItemDndKitProvider-DUfDUzBQ.js                [39m[1m[2m    9.55 kB[22m[1m[22m[2m │ gzip:     3.64 kB[22m
#38 270.4 [2mbuild/[22m[2massets/[22m[36mSettingsWorkspaceMembers-Cs_aUQ2L.js                        [39m[1m[2m    9.65 kB[22m[1m[22m[2m │ gzip:     3.78 kB[22m
#38 270.4 [2mbuild/[22m[2massets/[22m[36mSettingsExperience-BK17q_2K.js                              [39m[1m[2m    9.75 kB[22m[1m[22m[2m │ gzip:     3.41 kB[22m
#38 270.4 [2mbuild/[22m[2massets/[22m[36mindex-BdmfV6mQ.js                                           [39m[1m[2m    9.82 kB[22m[1m[22m[2m │ gzip:     2.60 kB[22m
#38 270.4 [2mbuild/[22m[2massets/[22m[36mclojure-NTZ-Mawc.js                                         [39m[1m[2m    9.89 kB[22m[1m[22m[2m │ gzip:     3.77 kB[22m
#38 270.4 [2mbuild/[22m[2massets/[22m[36mSignInBackgroundMockPage-BtbI8xXN.js                        [39m[1m[2m    9.93 kB[22m[1m[22m[2m │ gzip:     2.88 kB[22m
#38 270.4 [2mbuild/[22m[2massets/[22m[36mSettingsEnterprise-3HmdcjsW.js                              [39m[1m[2m   10.21 kB[22m[1m[22m[2m │ gzip:     3.19 kB[22m
#38 270.4 [2mbuild/[22m[2massets/[22m[36mSettingsSecuritySSOIdentifyProvider-CcvmU411.js             [39m[1m[2m   10.32 kB[22m[1m[22m[2m │ gzip:     3.70 kB[22m
#38 270.4 [2mbuild/[22m[2massets/[22m[36mGraphWidgetPieChart-CKdNGKDs.js                             [39m[1m[2m   10.48 kB[22m[1m[22m[2m │ gzip:     4.67 kB[22m
#38 270.4 [2mbuild/[22m[2massets/[22m[36melixir-WIgQSLfV.js                                          [39m[1m[2m   10.50 kB[22m[1m[22m[2m │ gzip:     2.69 kB[22m
#38 270.4 [2mbuild/[22m[2massets/[22m[36msql-G53RBTtP.js                                             [39m[1m[2m   10.54 kB[22m[1m[22m[2m │ gzip:     4.01 kB[22m
#38 270.4 [2mbuild/[22m[2massets/[22m[36mindex-tEIktOcc.js                                           [39m[1m[2m   10.64 kB[22m[1m[22m[2m │ gzip:     2.70 kB[22m
#38 270.4 [2mbuild/[22m[2massets/[22m[36mSettingsAdminQueueDetail-CmO30A0E.js                        [39m[1m[2m   10.72 kB[22m[1m[22m[2m │ gzip:     3.91 kB[22m
#38 270.4 [2mbuild/[22m[2massets/[22m[36mSettingsAccounts-DAbbCqBE.js                                [39m[1m[2m   10.92 kB[22m[1m[22m[2m │ gzip:     4.20 kB[22m
#38 270.4 [2mbuild/[22m[2massets/[22m[36mRichTextFieldEditor-C9fCMW4n.js                             [39m[1m[2m   11.18 kB[22m[1m[22m[2m │ gzip:     4.82 kB[22m
#38 270.4 [2mbuild/[22m[2massets/[22m[36mshow-hint.es-qBAXWVRU.js                                    [39m[1m[2m   11.21 kB[22m[1m[22m[2m │ gzip:     4.14 kB[22m
#38 270.4 [2mbuild/[22m[2massets/[22m[36mmysql-C-Zrxrp8.js                                           [39m[1m[2m   11.52 kB[22m[1m[22m[2m │ gzip:     4.22 kB[22m
#38 270.4 [2mbuild/[22m[2massets/[22m[36mSettingsDataModelFieldPreviewWidget-BaImg3Wk.js             [39m[1m[2m   11.77 kB[22m[1m[22m[2m │ gzip:     3.91 kB[22m
#38 270.4 [2mbuild/[22m[2massets/[22m[36museSaveDraftRoleToDB-j1-CJohU.js                            [39m[1m[2m   12.00 kB[22m[1m[22m[2m │ gzip:     2.97 kB[22m
#38 270.4 [2mbuild/[22m[2massets/[22m[36mredshift-BdbUb2oA.js                                        [39m[1m[2m   12.05 kB[22m[1m[22m[2m │ gzip:     4.49 kB[22m
#38 270.4 [2mbuild/[22m[2massets/[22m[36mStandaloneRichTextWidget-BdDNDH1K.js                        [39m[1m[2m   12.43 kB[22m[1m[22m[2m │ gzip:     5.39 kB[22m
#38 270.4 [2mbuild/[22m[2massets/[22m[36mSettingsEventLogs-DohT9vfR.js                               [39m[1m[2m   12.62 kB[22m[1m[22m[2m │ gzip:     4.59 kB[22m
#38 270.4 [2mbuild/[22m[2massets/[22m[36mindex-DoTE_WRG.js                                           [39m[1m[2m   12.67 kB[22m[1m[22m[2m │ gzip:     3.19 kB[22m
#38 270.4 [2mbuild/[22m[2massets/[22m[36mindex-A2FlwyVg.js                                           [39m[1m[2m   12.74 kB[22m[1m[22m[2m │ gzip:     3.16 kB[22m
#38 270.4 [2mbuild/[22m[2massets/[22m[36mSettingsSecurity-DLArYl65.js                                [39m[1m[2m   12.74 kB[22m[1m[22m[2m │ gzip:     4.38 kB[22m
#38 270.4 [2mbuild/[22m[2massets/[22m[36mSettingsApplicationDetails-G4hjK3tT.js                      [39m[1m[2m   13.03 kB[22m[1m[22m[2m │ gzip:     4.89 kB[22m
#38 270.4 [2mbuild/[22m[2massets/[22m[36mSettingsApplicationRegistrationDetails-CRVh8L_l.js          [39m[1m[2m   13.28 kB[22m[1m[22m[2m │ gzip:     4.48 kB[22m
#38 270.4 [2mbuild/[22m[2massets/[22m[36mindex-johAa_7I.js                                           [39m[1m[2m   13.31 kB[22m[1m[22m[2m │ gzip:     5.21 kB[22m
#38 270.4 [2mbuild/[22m[2massets/[22m[36mGraphWidgetLineChart-BGYeC4m6.js                            [39m[1m[2m   13.53 kB[22m[1m[22m[2m │ gzip:     5.49 kB[22m
#38 270.4 [2mbuild/[22m[2massets/[22m[36mpgsql-BHMcANUI.js                                           [39m[1m[2m   13.71 kB[22m[1m[22m[2m │ gzip:     4.65 kB[22m
#38 270.4 [2mbuild/[22m[2massets/[22m[36mSettingsAccountsMessageChannelDetails-CRcAGbh2.js           [39m[1m[2m   14.13 kB[22m[1m[22m[2m │ gzip:     4.84 kB[22m
#38 270.4 [2mbuild/[22m[2massets/[22m[36mEnvironment.vue-DPxQfAWo.js                                 [39m[1m[2m   14.37 kB[22m[1m[22m[2m │ gzip:     5.05 kB[22m
#38 270.4 [2mbuild/[22m[2massets/[22m[36mSettingsRolePermissions-JLhqUQxr.js                         [39m[1m[2m   14.40 kB[22m[1m[22m[2m │ gzip:     4.20 kB[22m
#38 270.4 [2mbuild/[22m[2massets/[22m[36mabap-Eabmoog9.js                                            [39m[1m[2m   14.41 kB[22m[1m[22m[2m │ gzip:     5.47 kB[22m
#38 270.4 [2mbuild/[22m[2massets/[22m[36murl-Bs332b_7-D_ygBLwS.js                                    [39m[1m[2m   15.20 kB[22m[1m[22m[2m │ gzip:     6.09 kB[22m
#38 270.4 [2mbuild/[22m[2massets/[22m[36msublime.es-BE5SYkzE.js                                      [39m[1m[2m   15.76 kB[22m[1m[22m[2m │ gzip:     4.93 kB[22m
#38 270.4 [2mbuild/[22m[2massets/[22m[36mSettingsRole-DP19z3y_.js                                    [39m[1m[2m   16.03 kB[22m[1m[22m[2m │ gzip:     5.76 kB[22m
#38 270.4 [2mbuild/[22m[2massets/[22m[36mSettingsAI-4e2NyTle.js                                      [39m[1m[2m   16.40 kB[22m[1m[22m[2m │ gzip:     5.81 kB[22m
#38 270.4 [2mbuild/[22m[2massets/[22m[36mfreemarker2-V0xNF8yr.js                                     [39m[1m[2m   16.46 kB[22m[1m[22m[2m │ gzip:     4.36 kB[22m
#38 270.4 [2mbuild/[22m[2massets/[22m[36mnivo-arcs-DRpRYGM-.js                                       [39m[1m[2m   16.63 kB[22m[1m[22m[2m │ gzip:     5.20 kB[22m
#38 270.4 [2mbuild/[22m[2massets/[22m[36mnivo-pie-CkfbhSkl.js                                        [39m[1m[2m   16.70 kB[22m[1m[22m[2m │ gzip:     5.50 kB[22m
#38 270.4 [2mbuild/[22m[2massets/[22m[36mpowerquery-Cg24Gwdc.js                                      [39m[1m[2m   17.19 kB[22m[1m[22m[2m │ gzip:     5.01 kB[22m
#38 270.4 [2mbuild/[22m[2massets/[22m[36mGraphWidgetGaugeChart-DHOD-edG.js                           [39m[1m[2m   18.06 kB[22m[1m[22m[2m │ gzip:     6.38 kB[22m
#38 270.4 [2mbuild/[22m[2massets/[22m[36mSettingsBilling-CFB1t0_c.js                                 [39m[1m[2m   18.18 kB[22m[1m[22m[2m │ gzip:     5.80 kB[22m
#38 270.4 [2mbuild/[22m[2massets/[22m[36mfuse-Ch1WBRTM.js                                            [39m[1m[2m   18.24 kB[22m[1m[22m[2m │ gzip:     6.61 kB[22m
#38 270.4 [2mbuild/[22m[2massets/[22m[36mjavascript.es-fKFFMnpN.js                                   [39m[1m[2m   18.38 kB[22m[1m[22m[2m │ gzip:     6.22 kB[22m
#38 270.4 [2mbuild/[22m[2massets/[22m[36msolidity-B-RLSu2_.js                                        [39m[1m[2m   18.84 kB[22m[1m[22m[2m │ gzip:     4.62 kB[22m
#38 270.4 [2mbuild/[22m[2massets/[22m[36mSettingsAgentForm-BeCWi-5D.js                               [39m[1m[2m   18.98 kB[22m[1m[22m[2m │ gzip:     6.93 kB[22m
#38 270.4 [2mbuild/[22m[2massets/[22m[36mSettingsAdmin-6k5eyLEv.js                                   [39m[1m[2m   20.79 kB[22m[1m[22m[2m │ gzip:     7.49 kB[22m
#38 270.4 [2mbuild/[22m[2massets/[22m[36mSignInUp-B4RtaLEJ.js                                        [39m[1m[2m   21.73 kB[22m[1m[22m[2m │ gzip:     7.38 kB[22m
#38 270.4 [2mbuild/[22m[2massets/[22m[36mtsMode-9gSGCr8i.js                                          [39m[1m[2m   22.93 kB[22m[1m[22m[2m │ gzip:     6.56 kB[22m
#38 270.4 [2mbuild/[22m[2massets/[22m[36mSettingsObjectDetailPage-B2kYtA_X.js                        [39m[1m[2m   22.97 kB[22m[1m[22m[2m │ gzip:     7.45 kB[22m
#38 270.4 [2mbuild/[22m[2massets/[22m[36mAIChatAssistantMessageRenderer-DRaMQEzy.js                  [39m[1m[2m   26.08 kB[22m[1m[22m[2m │ gzip:     8.00 kB[22m
#38 270.4 [2mbuild/[22m[2massets/[22m[36mextractSecretFromOtpUri-OG7HGsCt.js                         [39m[1m[2m   26.59 kB[22m[1m[22m[2m │ gzip:     9.65 kB[22m
#38 270.4 [2mbuild/[22m[2massets/[22m[36mindex.esm-DDIBwy85.js                                       [39m[1m[2m   27.80 kB[22m[1m[22m[2m │ gzip:    10.32 kB[22m
#38 270.4 [2mbuild/[22m[2massets/[22m[36mFormFieldInput-Dy_ttEpK.js                                  [39m[1m[2m   29.29 kB[22m[1m[22m[2m │ gzip:     7.96 kB[22m
#38 270.4 [2mbuild/[22m[2massets/[22m[36mSettingsRoleObjectLevel-Jrv9mwX4.js                         [39m[1m[2m   31.42 kB[22m[1m[22m[2m │ gzip:    10.12 kB[22m
#38 270.4 [2mbuild/[22m[2massets/[22m[36museGetDefaultFieldMetadataItemForFilter-CTIgS6G-.js         [39m[1m[2m   31.68 kB[22m[1m[22m[2m │ gzip:    10.79 kB[22m
#38 270.4 [2mbuild/[22m[2massets/[22m[36mcssMode-DQP4UYUY.js                                         [39m[1m[2m   32.47 kB[22m[1m[22m[2m │ gzip:     8.85 kB[22m
#38 270.4 [2mbuild/[22m[2massets/[22m[36mhtmlMode-BZHdGqqn.js                                        [39m[1m[2m   33.02 kB[22m[1m[22m[2m │ gzip:     8.98 kB[22m
#38 270.4 [2mbuild/[22m[2massets/[22m[36mRecordFieldComponentInstanceContext-BecHlcaC.js             [39m[1m[2m   38.29 kB[22m[1m[22m[2m │ gzip:    11.54 kB[22m
#38 270.4 [2mbuild/[22m[2massets/[22m[36mindex-C67SXEiX.js                                           [39m[1m[2m   39.41 kB[22m[1m[22m[2m │ gzip:    11.95 kB[22m
#38 270.4 [2mbuild/[22m[2massets/[22m[36mGraphWidgetBarChart-CuN-K0vR.js                             [39m[1m[2m   39.90 kB[22m[1m[22m[2m │ gzip:    12.73 kB[22m
#38 270.4 [2mbuild/[22m[2massets/[22m[36mjsonMode-CiwMTiOv.js                                        [39m[1m[2m   41.88 kB[22m[1m[22m[2m │ gzip:    12.18 kB[22m
#38 270.4 [2mbuild/[22m[2massets/[22m[36mindex-DOwOSQtT.js                                           [39m[1m[2m   42.49 kB[22m[1m[22m[2m │ gzip:    11.29 kB[22m
#38 270.4 [2mbuild/[22m[2massets/[22m[36mreact-spring_web.modern-DIgnY7zr.js                         [39m[1m[2m   42.89 kB[22m[1m[22m[2m │ gzip:    17.55 kB[22m
#38 270.4 [2mbuild/[22m[2massets/[22m[36mnivo-scales-Cjr_WaEV.js                                     [39m[1m[2m   44.53 kB[22m[1m[22m[2m │ gzip:    15.25 kB[22m
#38 270.4 [2mbuild/[22m[2massets/[22m[36msettingsFieldFormSchema-BBjChFtL.js                         [39m[1m[2m   46.68 kB[22m[1m[22m[2m │ gzip:    13.95 kB[22m
#38 270.4 [2mbuild/[22m[2massets/[22m[36mLibraryIcon.vue-Dv8GfYps.js                                 [39m[1m[2m   52.52 kB[22m[1m[22m[2m │ gzip:    10.46 kB[22m
#38 270.4 [2mbuild/[22m[2massets/[22m[36mlinkify-W1cWdgIW.js                                         [39m[1m[2m   55.93 kB[22m[1m[22m[2m │ gzip:    22.69 kB[22m
#38 270.4 [2mbuild/[22m[2massets/[22m[36mnivo-line-B44Myh-Z.js                                       [39m[1m[2m   59.87 kB[22m[1m[22m[2m │ gzip:    20.25 kB[22m
#38 270.4 [2mbuild/[22m[2massets/[22m[36mmodule-DrROFPns.js                                          [39m[1m[2m   77.26 kB[22m[1m[22m[2m │ gzip:    27.77 kB[22m
#38 270.4 [2mbuild/[22m[2massets/[22m[36mstyle-DsPkiqn-.js                                           [39m[1m[2m   82.12 kB[22m[1m[22m[2m │ gzip:    25.45 kB[22m
#38 270.4 [2mbuild/[22m[2massets/[22m[36mindex-B0Gk_P0t-D3s87A0D.js                                  [39m[1m[2m   86.42 kB[22m[1m[22m[2m │ gzip:    27.67 kB[22m
#38 270.4 [2mbuild/[22m[2massets/[22m[36mmock-views-data-B5A4hKdI.js                                 [39m[1m[2m   92.35 kB[22m[1m[22m[2m │ gzip:    14.84 kB[22m
#38 270.4 [2mbuild/[22m[2massets/[22m[36mInputHint-8ljgbhNA.js                                       [39m[1m[2m   98.71 kB[22m[1m[22m[2m │ gzip:    30.24 kB[22m
#38 270.4 [2mbuild/[22m[2massets/[22m[36mRequest.vue-CBg_XclV.js                                     [39m[1m[2m   98.97 kB[22m[1m[22m[2m │ gzip:    27.42 kB[22m
#38 270.4 [2mbuild/[22m[2massets/[22m[36mFormAdvancedTextFieldInput-D8SFSbMz.js                      [39m[1m[2m   99.33 kB[22m[1m[22m[2m │ gzip:    29.56 kB[22m
#38 270.4 [2mbuild/[22m[2massets/[22m[36mmoveArrayItem-4ElKhvtb.js                                   [39m[1m[2m  100.06 kB[22m[1m[22m[2m │ gzip:    31.18 kB[22m
#38 270.4 [2mbuild/[22m[2massets/[22m[36mindex-CvJtMFud.js                                           [39m[1m[2m  101.53 kB[22m[1m[22m[2m │ gzip:    30.62 kB[22m
#38 270.4 [2mbuild/[22m[2massets/[22m[36mRecordIndexPage-iwI_pp-S.js                                 [39m[1m[2m  107.70 kB[22m[1m[22m[2m │ gzip:    33.23 kB[22m
#38 270.4 [2mbuild/[22m[2massets/[22m[36mRequestRoot.vue-ITQJrrvs.js                                 [39m[1m[2m  108.93 kB[22m[1m[22m[2m │ gzip:    30.35 kB[22m
#38 270.4 [2mbuild/[22m[2massets/[22m[36mzh-TW-BL1RdYYU.js                                           [39m[1m[2m  112.69 kB[22m[1m[22m[2m │ gzip:    49.68 kB[22m
#38 270.4 [2mbuild/[22m[2massets/[22m[36mzh-CN-Dpr8KKl6.js                                           [39m[1m[2m  112.91 kB[22m[1m[22m[2m │ gzip:    49.09 kB[22m
#38 270.4 [2mbuild/[22m[2massets/[22m[36mDateTimePicker-XOtRbnWf.js                                  [39m[1m[2m  113.71 kB[22m[1m[22m[2m │ gzip:    28.90 kB[22m
#38 270.4 [2mbuild/[22m[2massets/[22m[36men-8eJJ5k1_.js                                              [39m[1m[2m  116.14 kB[22m[1m[22m[2m │ gzip:    43.88 kB[22m
#38 270.4 [2mbuild/[22m[2massets/[22m[36mno-NO-FaUZo9vX.js                                           [39m[1m[2m  120.85 kB[22m[1m[22m[2m │ gzip:    47.52 kB[22m
#38 270.4 [2mbuild/[22m[2massets/[22m[36mda-DK-CLDmtre_.js                                           [39m[1m[2m  120.88 kB[22m[1m[22m[2m │ gzip:    47.55 kB[22m
#38 270.4 [2mbuild/[22m[2massets/[22m[36maf-ZA-Bz1Ljp6o.js                                           [39m[1m[2m  121.55 kB[22m[1m[22m[2m │ gzip:    48.46 kB[22m
#38 270.4 [2mbuild/[22m[2massets/[22m[36msv-SE-Co3OUjYi.js                                           [39m[1m[2m  122.64 kB[22m[1m[22m[2m │ gzip:    48.00 kB[22m
#38 270.4 [2mbuild/[22m[2massets/[22m[36mnl-NL-d7f0Bc2h.js                                           [39m[1m[2m  124.02 kB[22m[1m[22m[2m │ gzip:    48.63 kB[22m
#38 270.4 [2mbuild/[22m[2massets/[22m[36mfi-FI-BUQmf74F.js                                           [39m[1m[2m  124.27 kB[22m[1m[22m[2m │ gzip:    49.28 kB[22m
#38 270.4 [2mbuild/[22m[2massets/[22m[36mtr-TR-CHe56jhp.js                                           [39m[1m[2m  125.57 kB[22m[1m[22m[2m │ gzip:    50.11 kB[22m
#38 270.4 [2mbuild/[22m[2massets/[22m[36mit-IT-BGq4aoQV.js                                           [39m[1m[2m  125.81 kB[22m[1m[22m[2m │ gzip:    48.63 kB[22m
#38 270.4 [2mbuild/[22m[2massets/[22m[36mpt-BR-BlPAHE0O.js                                           [39m[1m[2m  126.78 kB[22m[1m[22m[2m │ gzip:    49.02 kB[22m
#38 270.4 [2mbuild/[22m[2massets/[22m[36mpt-PT-BB9ZIMX_.js                                           [39m[1m[2m  126.84 kB[22m[1m[22m[2m │ gzip:    49.21 kB[22m
#38 270.4 [2mbuild/[22m[2massets/[22m[36mko-KR-oI6IOXlv.js                                           [39m[1m[2m  126.85 kB[22m[1m[22m[2m │ gzip:    50.52 kB[22m
#38 270.4 [2mbuild/[22m[2massets/[22m[36mca-ES-Bi2t0wz_.js                                           [39m[1m[2m  128.08 kB[22m[1m[22m[2m │ gzip:    49.44 kB[22m
#38 270.4 [2mbuild/[22m[2massets/[22m[36mcs-CZ-Dzjd2Aje.js                                           [39m[1m[2m  128.26 kB[22m[1m[22m[2m │ gzip:    50.72 kB[22m
#38 270.4 [2mbuild/[22m[2massets/[22m[36mes-ES-_6hwop0n.js                                           [39m[1m[2m  128.35 kB[22m[1m[22m[2m │ gzip:    49.03 kB[22m
#38 270.4 [2mbuild/[22m[2massets/[22m[36mde-DE-DOa4F0HN.js                                           [39m[1m[2m  128.94 kB[22m[1m[22m[2m │ gzip:    49.91 kB[22m
#38 270.4 [2mbuild/[22m[2massets/[22m[36mpl-PL-DQj87aDR.js                                           [39m[1m[2m  129.18 kB[22m[1m[22m[2m │ gzip:    50.88 kB[22m
#38 270.4 [2mbuild/[22m[2massets/[22m[36mnivo-legends-BI__PsYR.js                                    [39m[1m[2m  129.26 kB[22m[1m[22m[2m │ gzip:    44.10 kB[22m
#38 270.4 [2mbuild/[22m[2massets/[22m[36mro-RO-DhD3Rjl9.js                                           [39m[1m[2m  130.55 kB[22m[1m[22m[2m │ gzip:    50.29 kB[22m
#38 270.4 [2mbuild/[22m[2massets/[22m[36mfr-FR-BJjNZuYR.js                                           [39m[1m[2m  131.86 kB[22m[1m[22m[2m │ gzip:    49.71 kB[22m
#38 270.4 [2mbuild/[22m[2massets/[22m[36mhu-HU-BYr4Vpix.js                                           [39m[1m[2m  131.90 kB[22m[1m[22m[2m │ gzip:    51.73 kB[22m
#38 270.4 [2mbuild/[22m[2massets/[22m[36mvi-VN-BXuvFyCy.js                                           [39m[1m[2m  137.96 kB[22m[1m[22m[2m │ gzip:    50.38 kB[22m
#38 270.4 [2mbuild/[22m[2massets/[22m[36mja-JP-DDCEtrZb.js                                           [39m[1m[2m  139.71 kB[22m[1m[22m[2m │ gzip:    52.11 kB[22m
#38 270.4 [2mbuild/[22m[2massets/[22m[36mhe-IL-BESMgwhO.js                                           [39m[1m[2m  140.63 kB[22m[1m[22m[2m │ gzip:    51.23 kB[22m
#38 270.4 [2mbuild/[22m[2massets/[22m[36mGeistMono-Regular-D4rKXxwr-hz-uNyd4.js                      [39m[1m[2m  155.05 kB[22m[1m[22m[2m │ gzip:    72.54 kB[22m
#38 270.4 [2mbuild/[22m[2massets/[22m[36mar-SA-67b2SA_M.js                                           [39m[1m[2m  156.39 kB[22m[1m[22m[2m │ gzip:    53.38 kB[22m
#38 270.4 [2mbuild/[22m[2massets/[22m[36mindex-D6N7Sl8m.js                                           [39m[1m[2m  157.33 kB[22m[1m[22m[2m │ gzip:    36.53 kB[22m
#38 270.4 [2mbuild/[22m[2massets/[22m[36msr-Cyrl-76g_mR10.js                                         [39m[1m[2m  164.45 kB[22m[1m[22m[2m │ gzip:    54.87 kB[22m
#38 270.4 [2mbuild/[22m[2massets/[22m[36muk-UA-DeOIJ4Hs.js                                           [39m[1m[2m  172.52 kB[22m[1m[22m[2m │ gzip:    56.45 kB[22m
#38 270.4 [2mbuild/[22m[2massets/[22m[36mcodemirror.es2-ZpsXS3lo.js                                  [39m[1m[2m  173.31 kB[22m[1m[22m[2m │ gzip:    57.97 kB[22m
#38 270.4 [2mbuild/[22m[2massets/[22m[36mpseudo-en-CAEsNUbk.js                                       [39m[1m[2m  173.82 kB[22m[1m[22m[2m │ gzip:    50.18 kB[22m
#38 270.4 [2mbuild/[22m[2massets/[22m[36mru-RU-rx4_guLd.js                                           [39m[1m[2m  176.49 kB[22m[1m[22m[2m │ gzip:    56.85 kB[22m
#38 270.4 [2mbuild/[22m[2massets/[22m[36mel-GR-JsAJonyo.js                                           [39m[1m[2m  177.74 kB[22m[1m[22m[2m │ gzip:    57.59 kB[22m
#38 270.4 [2mbuild/[22m[2massets/[22m[36museSetAdvancedFilterDropdownAllRowsStates-DwZxOmJV.js       [39m[1m[2m  198.64 kB[22m[1m[22m[2m │ gzip:    58.51 kB[22m
#38 270.4 [2mbuild/[22m[2massets/[22m[36mindex-ShuWnGuH.js                                           [39m[1m[2m  201.33 kB[22m[1m[22m[2m │ gzip:    63.14 kB[22m
#38 270.4 [2mbuild/[22m[2massets/[22m[36mindex-m4Q8Cls4.js                                           [39m[1m[2m  207.57 kB[22m[1m[22m[2m │ gzip:    63.80 kB[22m
#38 270.4 [2mbuild/[22m[2massets/[22m[36mViewBar-Bk17Z-84.js                                         [39m[1m[2m  228.35 kB[22m[1m[22m[2m │ gzip:    63.29 kB[22m
#38 270.4 [2mbuild/[22m[2massets/[22m[36mtoSpliced-Dwrft9xh.js                                       [39m[1m[2m  231.32 kB[22m[1m[22m[2m │ gzip:    52.57 kB[22m
#38 270.4 [2mbuild/[22m[2massets/[22m[36mstyle-Cc05oZd4.js                                           [39m[1m[2m  282.81 kB[22m[1m[22m[2m │ gzip:    40.16 kB[22m
#38 270.4 [2mbuild/[22m[2massets/[22m[36mindex-D1RKsBgP.js                                           [39m[1m[2m  386.82 kB[22m[1m[22m[2m │ gzip:   129.30 kB[22m
#38 270.4 [2mbuild/[22m[2massets/[22m[36mstyle-YkCebi_B.js                                           [39m[1m[2m  414.22 kB[22m[1m[22m[2m │ gzip:   125.96 kB[22m
#38 270.4 [2mbuild/[22m[2massets/[22m[36mblocknote-PgQ08K8B.js                                       [39m[1m[2m  426.88 kB[22m[1m[22m[2m │ gzip:   128.78 kB[22m
#38 270.4 [2mbuild/[22m[2massets/[22m[36mnative-48B9X9Wg.js                                          [39m[1m[2m  432.75 kB[22m[1m[22m[2m │ gzip:    82.80 kB[22m
#38 270.4 [2mbuild/[22m[2massets/[22m[36mSpreadsheetImport-DvkN28fd.js                               [39m[1m[2m  447.75 kB[22m[1m[22m[2m │ gzip:   153.98 kB[22m
#38 270.4 [2mbuild/[22m[2massets/[22m[36mInter_18pt-Regular-byxnNS-8-BnplJFJY.js                     [39m[1m[2m  456.96 kB[22m[1m[22m[2m │ gzip:   204.79 kB[22m
#38 270.4 [2mbuild/[22m[2massets/[22m[36mInter_18pt-Bold-BOnnSImi-hPpeqQwn.js                        [39m[1m[2m  458.93 kB[22m[1m[22m[2m │ gzip:   208.13 kB[22m
#38 270.4 [2mbuild/[22m[2massets/[22m[36mInter_18pt-Italic-BVnfHlUD-BNrjkzHH.js                      [39m[1m[2m  462.03 kB[22m[1m[22m[2m │ gzip:   212.52 kB[22m
#38 270.4 [2mbuild/[22m[2massets/[22m[36mInter_18pt-BoldItalic-DPKIpVzB-SGWoqiFX.js                  [39m[1m[2m  464.29 kB[22m[1m[22m[2m │ gzip:   216.29 kB[22m
#38 270.4 [2mbuild/[22m[2massets/[22m[36mDocumentViewer-Coj1LiwI.js                                  [39m[1m[2m  534.91 kB[22m[1m[22m[2m │ gzip:   170.59 kB[22m
#38 270.4 [2mbuild/[22m[2massets/[22m[36mmock-objects-metadata-DINHSFVC.js                           [39m[1m[2m  548.94 kB[22m[1m[22m[2m │ gzip:    72.61 kB[22m
#38 270.4 [2mbuild/[22m[2massets/[22m[36mSettingsGraphQLPlayground-D-Zk7Qhl.js                       [39m[1m[2m  652.92 kB[22m[1m[22m[2m │ gzip:   207.73 kB[22m
#38 270.4 [2mbuild/[22m[2massets/[22m[36mPageHeaderToggleSidePanelButton-DGXQ8Ww1.js                 [39m[1m[2m  964.53 kB[22m[1m[22m[2m │ gzip:   273.51 kB[22m
#38 270.4 [2mbuild/[22m[2massets/[22m[36mFrontComponentRenderer-BnNEm3mI.js                          [39m[1m[2m1,119.41 kB[22m[1m[22m[2m │ gzip:   311.35 kB[22m
#38 270.4 [2mbuild/[22m[2massets/[22m[36mexportBlockNoteEditorToPdf-BwCsoHau.js                      [39m[1m[2m1,507.36 kB[22m[1m[22m[2m │ gzip:   503.26 kB[22m
#38 270.4 [2mbuild/[22m[2massets/[22m[36mAllIcons-2T-LcLSl-bJp9c9Re.js                               [39m[1m[2m1,998.18 kB[22m[1m[22m[2m │ gzip:   255.77 kB[22m
#38 270.4 [2mbuild/[22m[2massets/[22m[36mindex-Da1lWhjq.js                                           [39m[1m[2m2,218.33 kB[22m[1m[22m[2m │ gzip:   636.65 kB[22m
#38 270.4 [2mbuild/[22m[2massets/[22m[36mindex-osWqZ7Dh.js                                           [39m[1m[2m3,343.03 kB[22m[1m[22m[2m │ gzip:   861.59 kB[22m
#38 270.4 [2mbuild/[22m[2massets/[22m[36mget-function-input-schema-BZ7_XyUh-BdB0w5O-.js              [39m[1m[2m3,594.16 kB[22m[1m[22m[2m │ gzip: 1,029.95 kB[22m
#38 270.4 [2mbuild/[22m[2massets/[22m[36mindex-CsrBF-AB.js                                           [39m[1m[2m4,111.63 kB[22m[1m[22m[2m │ gzip: 1,120.53 kB[22m
#38 270.4 [32m✓ built in 3m 29s[39m
#38 270.4 [linaria/wyw] ===== CSS PRE-BUILD SUMMARY =====
#38 270.4 [linaria/wyw] Files transformed: 929
#38 270.4 [linaria/wyw] Files skipped (no @linaria): 15201
#38 270.4 [linaria/wyw] Transform time: 24520ms
#38 270.4 [linaria/wyw] Avg per transformed file: 26.4ms
#38 270.4 [linaria/wyw] Slow files (>10x avg = 264ms):
#38 270.4 [linaria/wyw]   493ms /src/modules/error-handler/components/AppRootErrorFallback.tsx
#38 270.4 [linaria/wyw]   485ms /src/modules/settings/data-model/fields/preview/components/SettingsDataModelFieldPreview.tsx
#38 270.4 [linaria/wyw]   419ms /src/modules/object-record/record-table/record-table-body/components/RecordTableBodyVirtualizedDraggableClone.tsx
#38 270.4 [linaria/wyw]   266ms /src/modules/object-record/record-calendar/month/components/RecordCalendarMonthBodyDay.tsx
#38 270.4 [linaria/wyw] ==========================================
#38 273.0 Injecting runtime environment variables into index.html...
#38 273.7 
#38 273.7 
#38 273.7 
#38 273.7  NX   Successfully ran target build for project twenty-front and 5 tasks it depends on
#38 273.7 
#38 273.7 Nx read the output from the cache instead of running the command for 2 out of 6 tasks.
#38 273.7 
#38 DONE 274.2s

#53 [twenty 20/21] COPY --chown=1000 --from=twenty-front-build /app/packages/twenty-front/build /app/packages/twenty-server/dist/front
#53 DONE 0.4s

#54 [twenty 21/21] RUN mkdir -p /app/.local-storage /app/packages/twenty-server/.local-storage &&     chown 1000:1000 /app/.local-storage /app/packages/twenty-server/.local-storage
#54 DONE 0.3s

#55 exporting to image
#55 exporting layers
#55 exporting layers 99.3s done
#55 exporting manifest sha256:d78f7b1b9848bec2d9c5f3ddcd7dff4f632b918963eb78411967f29c7e990d83 0.0s done
#55 exporting config sha256:c0fd7def5a63bf22e213156ffd67eeb81e32d5fec37f066cbff456fc3118da57 0.0s done
#55 exporting attestation manifest sha256:339faf079754632730593349d22ddc58731996bc41a0ead2b4b37e3947847736 0.0s done
#55 exporting manifest list sha256:d7ecd613a31544fcea31bd5586b93d42430d3e5e9082622a1516c9db3b1e9ac2 done
#55 naming to docker.io/library/tetris-twenty:local done
#55 unpacking to docker.io/library/tetris-twenty:local
#55 unpacking to docker.io/library/tetris-twenty:local 26.9s done
#55 DONE 126.3s

#56 resolving provenance for metadata file
#56 DONE 0.0s
 Image tetris-twenty:local Built 
time="2026-04-01T14:56:45Z" level=warning msg="The \"STORAGE_S3_REGION\" variable is not set. Defaulting to a blank string."
time="2026-04-01T14:56:45Z" level=warning msg="The \"STORAGE_S3_NAME\" variable is not set. Defaulting to a blank string."
time="2026-04-01T14:56:45Z" level=warning msg="The \"STORAGE_S3_ENDPOINT\" variable is not set. Defaulting to a blank string."
time="2026-04-01T14:56:45Z" level=warning msg="The \"STORAGE_S3_REGION\" variable is not set. Defaulting to a blank string."
time="2026-04-01T14:56:45Z" level=warning msg="The \"STORAGE_S3_NAME\" variable is not set. Defaulting to a blank string."
time="2026-04-01T14:56:45Z" level=warning msg="The \"STORAGE_S3_ENDPOINT\" variable is not set. Defaulting to a blank string."
time="2026-04-01T14:56:45Z" level=warning msg="The \"DISABLE_DB_MIGRATIONS\" variable is not set. Defaulting to a blank string."
time="2026-04-01T14:56:45Z" level=warning msg="The \"DISABLE_CRON_JOBS_REGISTRATION\" variable is not set. Defaulting to a blank string."
 Container twenty-redis-1 Recreate 
 Container twenty-db-1 Recreate 
 Container twenty-redis-1 Recreated 
 Container twenty-db-1 Recreated 
 Container twenty-server-1 Recreate 
 Container twenty-server-1 Recreated 
 Container twenty-worker-1 Recreate 
 Container twenty-worker-1 Recreated 
 Container twenty-db-1 Starting 
 Container twenty-redis-1 Starting 
 Container twenty-db-1 Started 
 Container twenty-redis-1 Started 
 Container twenty-redis-1 Waiting 
 Container twenty-db-1 Waiting 
 Container twenty-redis-1 Healthy 
 Container twenty-db-1 Healthy 
 Container twenty-server-1 Starting 
 Container twenty-server-1 Started 
 Container twenty-server-1 Waiting 
 Container twenty-db-1 Waiting 
 Container twenty-db-1 Healthy 
 Container twenty-server-1 Healthy 
 Container twenty-worker-1 Starting 
 Container twenty-worker-1 Started 
[2026-04-01T14:58:01Z] Waiting for health check...
[2026-04-01T14:58:01Z] Waiting for health check...
[2026-04-01T14:58:11Z] ✅ Deploy successful — server healthy
[2026-04-01T14:58:11Z] ✅ Deploy successful — server healthy
[2026-04-01T14:58:11Z] === Deploy complete ===
[2026-04-01T14:58:11Z] === Deploy complete ===
[2026-04-01T15:27:21Z] Building from source and deploying...
[2026-04-01T16:37:44Z] Building from source and deploying...
[2026-04-01T16:49:47Z] Waiting for health check...
[2026-04-01T16:49:57Z] ✅ Deploy successful — server healthy
[2026-04-01T16:49:57Z] === Deploy complete ===
[2026-04-02T06:27:49Z] Building from source and deploying...
[2026-04-02T06:40:04Z] Waiting for health check...
[2026-04-02T06:40:14Z] ✅ Deploy successful — server healthy
[2026-04-02T06:40:14Z] === Deploy complete ===
[2026-04-03T11:32:02Z] Building from source and deploying...
[2026-04-03T11:44:44Z] Waiting for health check...
[2026-04-03T11:44:54Z] ✅ Deploy successful — server healthy
[2026-04-03T11:44:54Z] === Deploy complete ===
[2026-04-09T17:07:11Z] Building from source and deploying...
[2026-04-09T19:44:05Z] Building from source and deploying...
[2026-04-14T00:15:37Z] Building from source and deploying...
[2026-04-14T00:16:59Z] Waiting for health check...
[2026-04-14T00:17:09Z] ✅ Deploy successful — server healthy
[2026-04-14T00:17:09Z] === Deploy complete ===
[2026-04-15T13:50:48Z] Building from source and deploying...
[2026-04-15T13:52:02Z] Waiting for health check...
[2026-04-15T13:52:12Z] ✅ Deploy successful — server healthy
[2026-04-15T13:52:12Z] === Deploy complete ===
